Frame,Time,Pitch(rad),Yaw(rad),Pitch(deg),Yaw(deg),ScreenX,ScreenY,Distance(cm)
0,0.0,0.043686762,0.09516114,2.503067,5.4523315,1029,203,137.48875
1,0.05,0.0042006043,0.07695231,0.24067688,4.4090424,1254,277,145.70416
2,0.1,0.026050244,0.061769627,1.492569,3.5391388,1130,385,137.48875
3,0.15,0.028234834,0.06907814,1.6177367,3.9578857,1117,345,137.48875
4,0.2,0.026758645,0.045952044,1.5331573,2.632858,1126,471,137.48875
5,0.25,0.024589233,0.056117598,1.4088593,3.2153013,1138,416,137.48875
6,0.3,0.023169769,0.05514874,1.3275299,3.1597898,1146,421,137.48875
7,0.35,0.1262903,0.056288578,7.2359014,3.2250977,550,415,137.48875
8,0.4,0.15512541,0.031079091,8.888031,1.7807007,328,541,145.70416
9,0.45,0.14333026,0.05146053,8.212218,2.948471,451,441,137.48875
10,0.5,0.1352529,0.029770946,7.7494197,1.7057495,498,558,137.48875
11,0.55,0.15258102,0.017229853,8.742249,0.9871978,397,626,137.48875
12,0.6,0.14321043,0.05118782,8.205353,2.9328458,402,426,145.70416
13,0.65,0.13099664,0.015116102,7.5055547,0.8660888,520,637,138.05728
14,0.7,0.13369069,-0.000624245,7.6599116,-0.0357666,504,723,138.05728
15,0.75,0.14263518,-0.0014570155,8.172394,-0.083480835,452,727,138.05728
16,0.8,0.14943211,-0.003724431,8.561829,-0.21339417,411,740,138.05728
17,0.85,0.1346156,0.028366394,7.7129054,1.6252745,499,565,138.05728
18,0.9,0.119527996,0.029011946,6.848449,1.662262,587,562,138.05728
19,0.95,0.12852362,0.030950727,7.3638606,1.773346,534,551,138.05728
20,1.0,0.15509878,0.0018804582,8.886505,0.10774231,423,710,131.17209
21,1.05,0.13273248,0.027595676,7.6050105,1.5811157,548,577,131.17209
22,1.1,0.1359581,0.016814133,7.789825,0.9633788,530,633,131.17209
23,1.15,0.13417326,0.014280668,7.687561,0.818222,540,646,131.17209
24,1.2,0.12484074,0.041743454,7.152847,2.3917236,592,504,131.17209
25,1.25,0.14258938,0.018956915,8.169769,1.0861511,493,622,131.17209
26,1.3,0.14184129,0.018436799,8.126907,1.0563507,497,624,131.17209
27,1.35,0.13662283,0.016871126,7.8279114,0.9666443,526,632,131.17209
28,1.4,0.1163394,0.04590225,6.665756,2.630005,639,482,131.17209
29,1.45,0.12806743,0.01825171,7.3377233,1.0457458,537,620,138.05728
30,1.5,0.13160864,0.039491218,7.540619,2.26268,516,505,138.05728
31,1.55,0.13532373,0.032001875,7.7534785,1.8335723,494,546,138.05728
32,1.6,0.133561,0.030334204,7.652481,1.7380219,505,555,138.05728
33,1.65,0.13910277,0.031441014,7.970001,1.8014374,472,549,138.05728
34,1.7,0.1382644,0.044376254,7.921966,2.542572,477,478,138.05728
35,1.75,0.14124234,0.048019193,8.092589,2.751297,460,458,138.05728
36,1.8,0.14833489,-0.00900335,8.498962,-0.5158539,417,768,138.24837
37,1.85,0.14025672,-0.0020575584,8.036118,-0.117889404,464,731,138.24837
38,1.9,0.14179708,-0.025774874,8.124373,-1.4767914,455,860,138.24837
39,1.95,0.14688505,-0.0076139774,8.415894,-0.43624875,425,761,138.24837
40,2.0,0.12502529,-0.013158146,7.1634207,-0.7539062,554,791,138.24837
41,2.05,0.113841355,-0.0012804479,6.522629,-0.07336426,619,726,138.24837
42,2.1,0.12027075,-0.02360839,6.891006,-1.352661,582,848,138.24837
43,2.15,0.14756815,-0.038829688,8.455031,-2.2247772,421,931,138.24837
44,2.2,0.1321924,-0.010884073,7.574066,-0.6236114,513,779,138.05728
45,2.25,0.14182664,-0.03252865,8.126068,-1.8637543,409,906,145.92883
46,2.3,0.13542973,-0.027055588,7.759551,-1.5501709,449,875,145.92883
47,2.35,0.1497943,0.003260242,8.582581,0.1867981,361,701,145.70416
48,2.4,0.12135546,-0.04959392,6.953155,-2.8415222,575,989,138.24837
49,2.45,0.1696849,-0.1870591,9.722228,-10.717696,290,1439,138.24837
50,2.5,0.1198545,-0.09597101,6.867157,-5.4987335,584,1243,138.24837
51,2.55,0.119424134,-0.13190503,6.8424983,-7.5576015,587,1439,138.24837
52,2.6,0.1326185,-0.073057696,7.59848,-4.1858974,509,1118,138.24837
53,2.65,0.11593273,-0.0051614726,6.642456,-0.2957306,608,748,138.05728
54,2.7,0.13163233,-0.0047199205,7.5419765,-0.27043152,515,745,138.24837
55,2.75,0.121871576,-0.0038818237,6.9827266,-0.22241211,573,741,138.05728
56,2.8,0.139327,-0.010511497,7.982849,-0.6022644,426,780,145.70416
57,2.85,0.13227123,-0.016303873,7.578583,-0.93414307,470,813,145.70416
58,2.9,0.13730833,-0.0072137043,7.8671875,-0.4133148,439,761,145.70416
59,2.95,0.13549472,-0.010235061,7.7632756,-0.5864258,449,778,145.92883
60,3.0,0.12466471,-0.058763187,7.142761,-3.3668823,556,1039,138.24837
61,3.05,0.13232343,-0.037472542,7.5815735,-2.1470184,511,923,138.24837
62,3.1,0.13954565,-0.008558335,7.995376,-0.49035645,469,766,138.24837
63,3.15,0.13480522,-0.028594093,7.7237697,-1.6383208,496,875,138.24837
64,3.2,0.13878265,-0.014909974,7.9516597,-0.85427856,473,801,138.24837
65,3.25,0.13788304,-0.03688638,7.9001155,-2.1134338,479,920,138.05728
66,3.3,0.14181173,-0.03846084,8.125213,-2.2036436,456,929,138.05728
67,3.35,0.14722568,-0.030701723,8.43541,-1.7590791,424,886,138.05728
68,3.4,0.13734001,-0.012029233,7.8690023,-0.68922424,483,785,138.05728
69,3.45,0.13732325,0.028528314,7.868042,1.6345519,483,564,138.05728
70,3.5,0.13169812,0.012828713,7.545746,0.73503107,516,650,138.05728
71,3.55,0.12653744,0.0017156084,7.250061,0.09829712,546,710,138.05728
72,3.6,0.13640125,-0.052597433,7.8152156,-3.0136108,488,1005,138.05728
73,3.65,0.13562468,-0.0484722,7.770721,-2.7772522,493,983,138.05728
74,3.7,0.1271204,-0.029475069,7.2834625,-1.688797,543,880,138.05728
75,3.75,0.13845482,-0.04308462,7.9328766,-2.468567,476,954,138.05728
76,3.8,0.12605993,-0.031638354,7.222702,-1.812744,549,891,138.05728
77,3.85,0.1273292,-0.030876158,7.2954254,-1.7690735,541,887,138.05728
78,3.9,0.119512014,-0.01489506,6.8475337,-0.853424,587,800,138.05728
79,3.95,0.13933073,-0.017899107,7.9830623,-1.0255432,471,817,138.05728
80,4.0,0.12116398,-0.021766283,6.9421844,-1.2471161,577,838,138.05728
81,4.05,0.13178626,-0.037546042,7.550796,-2.1512296,515,924,138.05728
82,4.1,0.1371885,-0.035751607,7.8603215,-2.0484161,484,914,138.05728
83,4.15,0.13333729,-0.039535426,7.6396637,-2.265213,506,934,138.05728
84,4.2,0.14620435,-0.03310629,8.376892,-1.8968506,430,899,138.05728
85,4.25,0.1459652,-0.02802178,8.36319,-1.6055297,432,872,138.05728
86,4.3,0.13782898,-0.041279532,7.897018,-2.3651428,480,944,138.05728
87,4.35,0.14049587,-0.05135853,8.04982,-2.9426267,464,999,138.05728
88,4.4,0.14360592,-0.05270689,8.228012,-3.0198822,446,1006,138.05728
89,4.45,0.1363757,-0.051300738,7.813751,-2.9393156,488,998,138.05728
90,4.5,0.14151612,-0.05419746,8.108276,-3.1052856,458,1014,138.05728
91,4.55,0.14641687,-0.055779114,8.389069,-3.1959076,429,1023,138.05728
92,4.6,0.12959023,-0.005952698,7.4249725,-0.34106445,528,752,138.05728
93,4.65,0.14534894,-0.04658961,8.32788,-2.6693878,436,973,138.05728
94,4.7,0.13690965,-0.021823807,7.8443446,-1.250412,485,838,138.05728
95,4.75,0.13394901,-0.029922213,7.6747127,-1.7144165,503,882,138.05728
96,4.8,0.13927108,-0.084479734,7.979645,-4.840332,514,1155,130.68416
97,4.85,0.1334739,-0.026559172,7.647491,-1.5217284,547,856,130.68416
98,4.9,0.1447295,-0.07730811,8.292389,-4.429428,439,1140,138.05728
99,4.95,0.12380078,-0.07406544,7.0932617,-4.243637,561,1123,138.24837
100,5.0,0.14322162,-0.0773683,8.205994,-4.4328766,447,1141,138.24837
101,5.05,0.14718066,-0.077021286,8.43283,-4.4129944,424,1139,138.24837
102,5.1,0.13912807,-0.07913477,7.971451,-4.534088,471,1151,138.24837
103,5.15,0.14460193,-0.08771707,8.28508,-5.025818,439,1198,138.24837
104,5.2,0.13753709,-0.106324576,7.8802943,-6.091949,521,1270,131.17209
105,5.25,0.15289368,-0.08711014,8.760162,-4.991043,435,1170,131.17209
106,5.3,0.15898593,-0.09542347,9.109222,-5.4673615,354,1240,138.24837
107,5.35,0.15235625,-0.07684818,8.72937,-4.403076,393,1138,138.24837
108,5.4,0.1329293,-0.08377133,7.616287,-4.7997437,507,1176,138.24837
109,5.45,0.11752796,-0.080623746,6.7338557,-4.6194,598,1159,138.24837
110,5.5,0.11556894,-0.094054066,6.6216125,-5.3889008,609,1233,138.24837
111,5.55,0.11709494,-0.0833375,6.7090454,-4.7748866,600,1174,138.24837
112,5.6,0.15904611,-0.08594234,9.112671,-4.9241333,353,1188,138.24837
113,5.65,0.15623808,-0.100971356,8.951782,-5.785232,371,1270,138.05728
114,5.7,0.150324,-0.104288325,8.61293,-5.975281,406,1288,138.05728
115,5.75,0.15160099,-0.09720431,8.686096,-5.5693965,397,1250,138.24837
116,5.8,0.14721316,-0.11063437,8.434692,-6.3388824,423,1324,138.24837
117,5.85,0.15555604,-0.11219099,8.9127035,-6.42807,374,1332,138.24837
118,5.9,0.15728736,-0.112089254,9.011901,-6.4222407,364,1332,138.24837
119,5.95,0.151495,-0.118687235,8.680023,-6.800277,398,1368,138.24837
120,6.0,0.14703153,-0.0836656,8.424286,-4.7936854,471,1151,130.68416
121,6.05,0.1545784,-0.10234768,8.856689,-5.86409,381,1277,138.05728
122,6.1,0.16920927,-0.102693886,9.694977,-5.883926,295,1279,138.05728
123,6.15,0.16475886,-0.09642295,9.439987,-5.5246277,321,1245,138.05728
124,6.2,0.15754943,-0.09682934,9.0269165,-5.547912,364,1247,138.05728
125,6.25,0.1503802,-0.09437205,8.61615,-5.4071198,406,1234,138.05728
126,6.3,0.15027712,-0.100626215,8.610245,-5.765457,406,1268,138.05728
127,6.35,0.14604722,-0.10654482,8.367888,-6.1045685,431,1300,138.05728
128,6.4,0.15583062,-0.110075906,8.928436,-6.3068843,374,1320,138.05728
129,6.45,0.14803074,-0.11608613,8.481536,-6.651245,372,1388,145.70416
130,6.5,0.14150122,-0.110914804,8.107422,-6.35495,413,1358,145.70416
131,6.55,0.15195172,-0.11054729,8.706191,-6.333893,348,1356,145.70416
132,6.6,0.14030091,-0.085363634,8.03865,-4.8909755,465,1184,138.05728
133,6.65,0.15731,-0.091566406,9.013198,-5.2463684,365,1218,138.05728
134,6.7,0.11084024,-0.07067098,6.3506775,-4.0491486,638,1104,138.05728
135,6.75,0.15412353,-0.0874662,8.830627,-5.011444,384,1196,138.05728
136,6.8,0.15655233,-0.085212104,8.969788,-4.8822937,369,1183,138.05728
137,6.85,0.16623612,-0.095632784,9.524628,-5.4793544,312,1241,138.05728
138,6.9,0.18264307,-0.105251856,10.464677,-6.0304866,215,1293,138.05728
139,6.95,0.18268274,-0.09975403,10.466949,-5.7154846,214,1263,138.05728
140,7.0,0.14625175,-0.09682801,8.379608,-5.5478363,430,1247,138.05728
141,7.05,0.13331039,-0.08960925,7.6381226,-5.1342316,506,1208,138.05728
142,7.1,0.13457593,-0.08240353,7.710633,-4.7213745,499,1168,138.05728
143,7.15,0.13666864,-0.09074748,7.830536,-5.1994476,487,1214,138.05728
144,7.2,0.15830469,-0.12366521,9.07019,-7.0854945,359,1395,138.05728
145,7.25,0.14968404,-0.11168365,8.576263,-6.3990016,410,1329,138.05728
146,7.3,0.15001614,-0.120961584,8.595291,-6.930588,408,1380,138.05728
147,7.35,0.15263109,-0.1157053,8.745117,-6.6294246,393,1351,138.05728
148,7.4,0.16199103,-0.11797431,9.281402,-6.75943,337,1363,138.05728
149,7.45,0.1606893,-0.12921871,9.206818,-7.4036865,345,1425,138.05728
150,7.5,0.17274861,-0.1200095,9.897766,-6.876037,273,1375,138.05728
151,7.55,0.1418855,-0.11267622,8.12944,-6.4558716,456,1334,138.05728
152,7.6,0.12409932,-0.11878897,7.110367,-6.8061066,560,1368,138.05728
153,7.65,0.13445474,-0.1207432,7.7036886,-6.9180756,500,1379,138.05728
154,7.7,0.13609925,-0.10095165,7.797912,-5.784103,490,1270,138.05728
155,7.75,0.12687513,-0.12323113,7.269409,-7.060623,544,1392,138.05728
156,7.8,0.13328749,-0.10519886,7.6368103,-6.0274506,545,1264,131.17209
157,7.85,0.12980515,-0.10317459,7.437287,-5.911468,564,1254,131.17209
158,7.9,0.13358416,-0.13809477,7.653808,-7.9122467,543,1437,131.17209
159,7.95,0.15815714,-0.11927952,9.061736,-6.834213,406,1338,131.17209
160,8.0,0.1784254,-0.111063674,10.2230215,-6.3634796,292,1295,131.17209
161,8.05,0.17293876,-0.12162071,9.908661,-6.968353,323,1350,131.17209
162,8.1,0.17133102,-0.12642744,9.816544,-7.243758,332,1375,131.17209
163,8.15,0.15322924,-0.11354308,8.779388,-6.505539,433,1308,131.17209
164,8.2,0.15259913,-0.12018819,8.743285,-6.886276,437,1343,131.17209
165,8.25,0.14994982,-0.12187238,8.591492,-6.982773,452,1352,131.17209
166,8.3,0.14740197,-0.11893545,8.445511,-6.814499,466,1336,131.17209
167,8.35,0.13596717,-0.11039842,7.790344,-6.325363,530,1292,131.17209
168,8.4,0.12508655,-0.10130586,7.1669307,-5.8043976,513,1303,145.92883
169,8.45,0.12495979,-0.10897815,7.159668,-6.243988,514,1348,145.92883
170,8.5,0.12376642,-0.103621736,7.0912933,-5.937088,521,1317,145.92883
171,8.55,0.13231118,-0.1007852,7.5808716,-5.7745667,468,1300,145.92883
172,8.6,0.12736835,-0.09467698,7.2976685,-5.424591,499,1265,145.92883
173,8.65,0.12088888,-0.12957157,6.926422,-7.423904,539,1439,145.92883
174,8.7,0.14050493,-0.11994186,8.050339,-6.872162,463,1375,138.24837
175,8.75,0.101807594,-0.12424286,5.833145,-7.118591,690,1399,138.24837
176,8.8,0.107958436,-0.13230292,6.1855626,-7.580399,654,1439,138.24837
177,8.85,0.11218221,-0.14402908,6.4275665,-8.252258,629,1439,138.24837
178,8.9,0.12066996,-0.13797864,6.913879,-7.9055934,579,1439,138.24837
179,8.95,0.07981015,-0.14178671,4.5727844,-8.123779,818,1439,138.24837
180,9.0,0.072686724,-0.124793075,4.1646423,-7.150116,836,1439,145.92883
181,9.05,0.09304845,-0.1303961,5.3312836,-7.4711456,711,1439,145.92883
182,9.1,0.113128416,-0.131484,6.4817805,-7.533478,587,1439,145.92883
183,9.15,0.11687336,-0.12799445,6.69635,-7.3335414,564,1439,145.92883
184,9.2,0.073595926,-0.10657865,4.216736,-6.1065063,830,1334,145.92883
185,9.25,0.099135645,-0.12278611,5.6800537,-7.0351257,673,1428,145.92883
186,9.3,0.07965621,-0.10463667,4.5639644,-5.9952393,793,1322,145.92883
187,9.35,0.0821753,-0.11135742,4.7082977,-6.38031,778,1362,145.92883
188,9.4,0.095559016,-0.11152813,5.475128,-6.3900905,695,1363,145.92883
189,9.45,0.09624345,-0.11343841,5.5143433,-6.4995418,691,1374,145.92883
190,9.5,0.0955979,-0.11541874,5.477356,-6.613006,695,1385,145.92883
191,9.55,0.09117066,-0.113444276,5.223694,-6.499878,722,1374,145.92883
192,9.6,0.11924038,-0.12006303,6.83197,-6.8791046,588,1376,138.24837
193,9.65,0.106591426,-0.12246094,6.1072383,-7.0164948,662,1389,138.24837
194,9.7,0.06609966,-0.104642265,3.7872312,-5.9955597,898,1290,138.05728
195,9.75,0.0832877,-0.08106556,4.7720337,-4.644714,798,1161,138.05728
196,9.8,0.07982133,-0.08390156,4.5734253,-4.807205,818,1176,138.05728
197,9.85,0.07324306,-0.10628889,4.196518,-6.0899043,856,1299,138.05728
198,9.9,0.076894514,-0.11511088,4.4057307,-6.5953674,835,1348,138.05728
199,9.95,0.09079276,-0.0985596,5.2020416,-5.647049,755,1257,138.05728
200,10.0,0.08981431,-0.09124949,5.145981,-5.2282104,760,1217,138.05728
201,10.05,0.09319227,-0.093120895,5.339524,-5.335434,741,1227,138.05728
202,10.1,0.08597643,-0.06643495,4.9260864,-3.806442,783,1081,138.05728
203,10.15,0.08991818,-0.09150382,5.1519322,-5.2427826,760,1218,138.05728
204,10.2,0.08018725,-0.08631598,4.594391,-4.9455414,816,1190,138.05728
205,10.25,0.10200919,-0.086364456,5.844696,-4.9483185,689,1190,138.05728
206,10.3,0.08680068,-0.096563295,4.9733124,-5.532669,778,1246,138.05728
207,10.35,0.08448107,-0.1022803,4.8404083,-5.860229,791,1277,138.05728
208,10.4,0.087717876,-0.10847348,5.0258636,-6.215072,772,1311,138.05728
209,10.45,0.07203025,-0.10954114,4.1270294,-6.2762446,863,1317,138.05728
210,10.5,0.071274176,-0.10240148,4.0837092,-5.8671722,868,1278,138.05728
211,10.55,0.07993478,-0.097914316,4.5799255,-5.610077,794,1280,145.03629
212,10.6,0.08790589,-0.093718775,5.0366364,-5.36969,746,1256,145.03629
213,10.65,0.10090718,-0.10898615,5.781555,-6.244446,666,1344,145.03629
214,10.7,0.10302732,-0.09211129,5.9030304,-5.277588,653,1247,145.03629
215,10.75,0.10032847,-0.048995506,5.7483974,-2.8072355,701,985,137.48875
216,10.8,0.06171956,-0.055965263,3.5362701,-3.2065732,903,1041,145.70416
217,10.85,0.05720017,-0.05363527,3.2773283,-3.0730743,931,1027,145.70416
218,10.9,0.06065083,-0.054457918,3.4750364,-3.1202087,910,1032,145.70416
219,10.95,0.07645377,-0.043680634,4.380478,-2.5027158,813,970,145.70416
220,11.0,0.06706639,-0.033157688,3.8426206,-1.8997954,871,910,145.70416
221,11.05,0.06878759,-0.027851606,3.9412384,-1.5957794,860,879,145.70416
222,11.1,0.059171177,-0.06380615,3.3902586,-3.6558228,919,1086,145.70416
223,11.15,0.06315181,-0.06286259,3.6183317,-3.6017609,895,1080,145.70416
224,11.2,0.067744695,-0.053261094,3.881485,-3.0516357,867,1025,145.70416
225,11.25,0.0622956,-0.060543776,3.569275,-3.4689026,900,1067,145.70416
226,11.3,0.059275843,-0.060233515,3.3962555,-3.451126,918,1065,145.70416
227,11.35,0.03508715,-0.063558735,2.0103455,-3.641647,1066,1084,145.70416
228,11.4,0.05080193,-0.059675846,2.910736,-3.419174,970,1062,145.70416
229,11.45,0.06283223,-0.033777673,3.6000214,-1.935318,897,913,145.70416
230,11.5,0.056694172,-0.036311135,3.2483366,-2.0804746,934,928,145.70416
231,11.55,0.07499648,-0.019320436,4.2969813,-1.1069794,822,830,145.70416
232,11.6,0.067113265,-0.045368284,3.8453066,-2.599411,871,980,145.70416
233,11.65,0.06755641,-0.04569425,3.870697,-2.6180875,868,982,145.70416
234,11.7,0.0848872,-0.026753318,4.863678,-1.532852,762,873,145.70416
235,11.75,0.10926737,-0.04003264,6.2605586,-2.2937012,612,949,145.70416
236,11.8,0.09732789,-0.033769418,5.576477,-1.934845,685,913,145.70416
237,11.85,0.08903374,-0.027578631,5.1012573,-1.580139,736,878,145.70416
238,11.9,0.074167974,-0.044781856,4.2495117,-2.5658112,827,976,145.70416
239,11.95,0.07561993,-0.037862428,4.3327026,-2.1693573,818,937,145.70416
240,12.0,0.08259794,-0.04354961,4.732513,-2.4952087,776,969,145.70416
241,12.05,0.08780256,-0.05939595,5.030716,-3.403137,744,1060,145.70416
242,12.1,0.086841956,-0.011382883,4.9756775,-0.65219116,750,785,145.70416
243,12.15,0.09299439,-0.023524502,5.328186,-1.3478546,712,854,145.70416
244,12.2,0.09074349,-0.007732755,5.1992188,-0.4430542,726,764,145.70416
245,12.25,0.0879485,-0.0027140274,5.0390778,-0.1555023,743,735,145.70416
246,12.3,0.09604664,-0.00054754596,5.503067,-0.03137207,693,723,145.70416
247,12.35,0.0979002,-0.019264774,5.6092677,-1.1037902,682,830,145.70416
248,12.4,0.099879995,-0.005397695,5.722702,-0.30926514,670,750,145.70416
249,12.45,0.08806754,0.011984757,5.045898,0.68667597,742,651,145.70416
250,12.5,0.08977223,0.0071170316,5.14357,0.40777585,732,679,145.70416
251,12.55,0.09833216,-0.026275547,5.6340175,-1.5054779,679,870,145.70416
252,12.6,0.08929233,0.00021704765,5.1160736,0.012435914,735,718,145.70416
253,12.65,0.090923786,-0.0013355754,5.209549,-0.07652283,725,727,145.70416
254,12.7,0.097642146,0.0012500879,5.5944824,0.071624756,683,712,145.70416
255,12.75,0.096849315,-0.013006346,5.5490565,-0.7452087,688,794,145.70416
256,12.8,0.08281606,-0.0010697918,4.7450104,-0.061294556,774,726,145.70416
257,12.85,0.07349366,-0.02678927,4.2108765,-1.534912,831,873,145.70416
258,12.9,0.056058746,-0.026474219,3.2119293,-1.516861,938,871,145.70416
259,12.95,0.062054053,-0.012494488,3.5554352,-0.71588135,901,791,145.70416
260,13.0,0.09275657,0.016809873,5.3145595,0.96313477,680,617,154.24625
261,13.05,0.08123254,0.015100922,4.6542816,0.86521906,812,638,137.48875
262,13.1,0.07688147,0.03943822,4.4049835,2.2596436,837,506,137.48875
263,13.15,0.06430788,-0.020490628,3.68457,-1.1740264,910,830,137.48875
264,13.2,0.09614758,0.028042022,5.5088506,1.6066895,726,568,137.48875
265,13.25,0.09535049,0.032969404,5.46318,1.8890076,730,541,137.48875
266,13.3,0.103296034,0.027215378,5.9184265,1.5593263,684,572,137.48875
267,13.35,0.097975574,-0.011704327,5.6135864,-0.67060846,681,787,145.70416
268,13.4,0.094053,-0.06702777,5.3888397,-3.840408,706,1104,145.70416
269,13.45,0.10542549,-0.0134582855,6.0404353,-0.7711029,636,797,145.70416
270,13.5,0.10081343,-0.001826396,5.776184,-0.104644775,664,730,145.70416
271,13.55,0.09004174,0.0053231264,5.1590114,0.30499268,730,689,145.70416
272,13.6,0.095502555,0.033360887,5.471893,1.911438,729,539,137.48875
273,13.65,0.080279395,0.05218757,4.5996704,2.9901273,816,436,138.05728
274,13.7,0.063397616,-0.01161085,3.6324155,-0.6652526,913,783,138.05728
275,13.75,0.076166146,-0.018645057,4.3639984,-1.0682831,840,821,138.05728
276,13.8,0.07728094,0.033621345,4.427871,1.9263611,833,537,138.05728
277,13.85,0.074439354,4.101268e-05,4.2650604,0.0023498535,850,719,138.05728
278,13.9,0.08330847,0.0040104543,4.773224,0.22978209,798,698,138.05728
279,13.95,0.08540411,0.023168704,4.893295,1.3274689,786,594,138.05728
280,14.0,0.10975153,0.031977907,6.288299,1.832199,644,546,138.05728
281,14.05,0.10565479,0.02811659,6.053573,1.6109618,668,567,138.05728
282,14.1,0.100378536,0.027408456,5.751266,1.5703888,699,571,138.05728
283,14.15,0.10051702,0.029922744,5.7592006,1.7144469,698,557,138.05728
284,14.2,0.10048693,0.033382725,5.7574763,1.9126891,698,538,138.05728
285,14.25,0.09909277,0.035250135,5.677597,2.0196838,675,517,145.70416
286,14.3,0.10372134,0.02944098,5.942795,1.6868439,646,551,145.70416
287,14.35,0.10139533,0.0062792017,5.809524,0.35977173,660,684,145.70416
288,14.4,0.09428017,0.025744513,5.4018555,1.4750519,704,572,145.70416
289,14.45,0.112767026,0.01655208,6.4610744,0.94836426,590,625,145.70416
290,14.5,0.08882494,0.027558658,5.089294,1.5789948,738,561,145.70416
291,14.55,0.09108064,0.020199012,5.2185364,1.1573181,724,604,145.70416
292,14.6,0.095689245,0.0196014,5.4825897,1.1230774,695,607,145.70416
293,14.65,0.095275655,-0.0034147054,5.458893,-0.1956482,698,739,145.70416
294,14.7,0.09429801,0.020987041,5.402878,1.2024689,704,599,145.70416
295,14.75,0.10204062,0.016356604,5.8464966,0.9371643,656,626,145.70416
296,14.8,0.111261286,0.018669559,6.3748016,1.0696869,600,612,145.70416
297,14.85,0.10612671,0.025174597,6.080612,1.4423981,631,575,145.70416
298,14.9,0.100107424,0.021016337,5.7357326,1.2041473,668,599,145.70416
299,14.95,0.114837915,0.013917148,6.5797276,0.7973938,614,644,138.24837
300,15.0,0.12044066,0.026165027,6.900741,1.4991455,581,577,138.24837
301,15.05,0.1162081,0.013722204,6.658233,0.7862243,606,645,138.24837
302,15.1,0.11145596,0.023882164,6.385956,1.3683472,598,583,145.70416
303,15.15,0.09609005,0.015847674,5.5055537,0.90800476,693,629,145.70416
304,15.2,0.10266699,0.024333306,5.882385,1.3941957,653,580,145.70416
305,15.25,0.107909426,0.037472807,6.1827545,2.1470335,620,505,145.70416
306,15.3,0.109728634,0.0418862,6.2869873,2.3999023,609,479,145.70416
307,15.35,0.09894735,0.05204296,5.6692653,2.9818418,675,421,145.70416
308,15.4,0.11467279,0.04321112,6.5702662,2.4758148,615,485,138.05728
309,15.45,0.10716933,0.054033678,6.14035,3.0959015,659,426,138.05728
310,15.5,0.10515758,0.056234248,6.025085,3.2219849,671,414,138.05728
311,15.55,0.07883517,0.02179824,4.516922,1.2489471,824,601,138.05728
312,15.6,0.109145395,0.0538627,6.25357,3.086105,648,427,138.05728
313,15.65,0.10886843,0.039713323,6.237701,2.2754056,649,504,138.05728
314,15.7,0.1091153,0.042599395,6.251846,2.4407654,648,488,138.05728
315,15.75,0.10487955,0.047572847,6.0091553,2.7257233,673,461,138.05728
316,15.8,0.10092555,0.052676264,5.7826076,3.0181274,696,433,138.05728
317,15.85,0.10842022,0.059651613,6.212021,3.4177854,652,395,138.05728
318,15.9,0.088665955,0.045276668,5.080185,2.5941617,767,473,138.05728
319,15.95,0.07483856,0.034528684,4.2879333,1.9783478,847,532,138.05728
320,16.0,0.0751901,0.03172757,4.308075,1.8178558,845,547,138.05728
321,16.05,0.08805023,0.05654051,5.044906,3.2395325,771,412,138.05728
322,16.1,0.07967566,0.05770298,4.5650787,3.306137,819,406,138.05728
323,16.15,0.070416644,0.048725463,4.0345764,2.7917633,873,455,138.05728
324,16.2,0.08757326,0.03511085,5.017578,2.0117035,773,529,138.05728
325,16.25,0.07388355,0.02670192,4.2332153,1.5299072,853,574,138.05728
326,16.3,0.11694793,0.050884485,6.700622,2.915466,602,443,138.05728
327,16.35,0.11779907,0.062337145,6.749389,3.571655,597,380,138.05728
328,16.4,0.11697084,0.06582482,6.701935,3.7714844,602,361,138.05728
329,16.45,0.08479772,0.057546116,4.858551,3.2971494,789,407,138.05728
330,16.5,0.07141693,0.035240278,4.0918884,2.019119,867,528,138.05728
331,16.55,0.06022606,0.017637318,3.4506989,1.0105438,932,624,138.05728
332,16.6,0.05784013,0.049718555,3.3139951,2.8486633,946,449,138.05728
333,16.65,0.081590205,0.048549958,4.674774,2.7817075,808,456,138.05728
334,16.7,0.08851416,0.04714381,5.0714874,2.701141,768,463,138.05728
335,16.75,0.08510717,0.04777631,4.8762813,2.737381,788,460,138.05728
336,16.8,0.07791344,0.055333033,4.464111,3.1703491,829,419,138.05728
337,16.85,0.04571982,0.036909018,2.6195526,2.1147308,1016,519,138.05728
338,16.9,0.07986607,0.05884228,4.5759883,3.371414,818,400,138.05728
339,16.95,0.07009867,0.057398047,4.0163574,3.2886658,875,407,138.05728
340,17.0,0.06174832,0.05240169,3.5379179,3.0023956,923,435,138.05728
341,17.05,0.077012494,0.051000334,4.412491,2.9221036,835,442,138.05728
342,17.1,0.06433266,0.062535554,3.6859896,3.583023,908,379,138.05728
343,17.15,0.08280913,0.07599783,4.744613,4.354355,801,306,138.05728
344,17.2,0.0822014,0.07011677,4.709793,4.017395,804,338,138.05728
345,17.25,0.08491623,0.06298856,4.865341,3.6089783,789,377,138.05728
346,17.3,0.08348611,0.06132328,4.7834015,3.513565,797,386,138.05728
347,17.35,0.08513114,0.056852896,4.8776546,3.2574308,787,410,138.05728
348,17.4,0.071945295,0.07116739,4.1221614,4.0775905,864,332,138.05728
349,17.45,0.060540847,0.0762455,3.4687347,4.368545,930,305,138.05728
350,17.5,0.06355474,0.06645866,3.6414182,3.8078003,913,358,138.05728
351,17.55,0.06471508,0.058957327,3.7079008,3.3780057,906,399,138.05728
352,17.6,0.0692808,0.063941166,3.9694974,3.6635587,879,372,138.05728
353,17.65,0.069812104,0.061487596,3.9999387,3.5229795,876,385,138.05728
354,17.7,0.07100254,0.058880094,4.0681458,3.3735807,869,399,138.05728
355,17.75,0.065771826,0.06333051,3.7684479,3.6285706,900,375,138.05728
356,17.8,0.06920011,0.059681706,3.9648743,3.4195096,880,395,138.05728
357,17.85,0.062243935,0.06993381,3.5663145,4.0069118,920,339,138.05728
358,17.9,0.045022603,0.0663753,2.579605,3.8030243,1020,358,138.05728
359,17.95,0.07894568,0.064394705,4.523254,3.6895447,823,369,138.05728
360,18.0,0.08443846,0.03665575,4.837967,2.1002197,1279,719,0.0
361,18.05,0.09882086,0.065684475,5.662018,3.763443,708,362,138.05728
362,18.1,0.074104324,0.036824327,4.245865,2.1098783,851,519,138.24837
363,18.15,0.06079997,0.037666418,3.4835815,2.1581266,928,515,138.24837
364,18.2,0.08707312,0.06835589,4.9889216,3.9165037,776,347,138.24837
365,18.25,0.07019933,0.0505966,4.0221252,2.8989713,1279,719,0.0
366,18.3,0.07996408,0.044895038,4.581604,2.5722961,1279,719,0.0
367,18.35,0.071444094,0.08797646,4.093445,5.04068,867,240,138.05728
368,18.4,0.065177135,0.093347,3.7343745,5.3483887,903,211,138.05728
369,18.45,0.0629779,0.038451787,3.608368,2.203125,916,511,138.05728
370,18.5,0.079221055,0.0375314,4.539032,2.1503906,796,504,145.92883
371,18.55,0.062054317,0.060075857,3.5554502,3.442093,921,393,138.05728
372,18.6,0.05377215,0.09715266,3.0809171,5.566437,969,190,138.05728
373,18.65,0.10328405,0.08103653,5.91774,4.643051,682,278,138.05728
374,18.7,0.063062325,0.049896456,3.613205,2.8588562,917,449,137.48875
375,18.75,0.10436715,0.08385283,5.979797,4.804413,676,263,138.05728
376,18.8,0.079261534,0.08184853,4.5413513,4.689575,796,249,145.70416
377,18.85,0.0813183,0.07973478,4.659195,4.568466,809,285,138.24837
378,18.9,0.087283775,0.07522205,5.000992,4.309906,774,310,138.24837
379,18.95,0.08062055,0.055997487,4.619217,3.2084196,788,398,145.70416
380,19.0,0.07582499,0.049292184,4.344452,2.824234,841,451,138.24837
381,19.05,0.08429278,0.07272081,4.82962,4.1665955,792,323,138.24837
382,19.1,0.063201606,0.06767359,3.621185,3.8774107,894,331,145.70416
383,19.15,0.07079721,0.09307109,4.056381,5.33258,870,212,138.24837
384,19.2,0.12348333,0.08822227,7.0750732,5.054764,563,238,138.24837
385,19.25,0.08604727,0.09528205,4.9301453,5.459259,781,200,138.24837
386,19.3,0.1014976,0.08422833,5.815384,4.8259277,692,261,138.05728
387,19.35,0.1059219,0.081181675,6.0688777,4.651367,667,278,138.05728
388,19.4,0.06183567,0.0995511,3.5429227,5.7038574,923,177,138.05728
