Frame,Time_sec,Pitch_rad,Yaw_rad,Pitch_deg,Yaw_deg,ScreenX,ScreenY,Distance_cm
0,0.0,0.20914923,-0.037631,11.983367,-2.1560974,418,915,97.21923
1,0.0333333333333333,0.109667644,-0.04397971,6.2834926,-2.5198517,827,965,97.28589
2,0.0666666666666666,0.13578953,-0.0482935,7.7801666,-2.7670135,776,975,97.28589
3,0.1,0.15643941,-0.06415023,8.963317,-3.675537,730,1005,97.28589
4,0.1333333333333333,0.14160188,-0.038951393,8.11319,-2.2317502,722,987,97.28589
5,0.1666666666666666,0.14269164,-0.022743663,8.175629,-1.3031158,723,987,97.28589
6,0.2,0.13311519,-0.0030796796,7.626938,-0.17645264,726,920,97.28589
7,0.2333333333333333,0.16335192,-0.011087006,9.359375,-0.6352386,701,891,97.28589
8,0.2666666666666666,0.1403699,-0.022418756,8.042603,-1.2845,702,882,97.21923
9,0.3,0.10576904,-0.038021687,6.060119,-2.178482,724,889,97.21923
10,0.3333333333333333,0.20934045,-0.052155618,11.994324,-2.9882965,724,860,101.02766
11,0.3666666666666666,0.13535783,-0.03984169,7.7554317,-2.2827606,725,879,97.28589
12,0.4,0.18031944,0.009805493,10.331543,0.56181335,688,837,97.28589
13,0.4333333333333333,0.17417394,-0.0139799975,9.979431,-0.8009948,667,829,97.28589
14,0.4666666666666667,0.23052457,-0.016683107,13.208084,-0.9558716,618,826,97.28589
15,0.5,0.21221718,-0.02465661,12.159148,-1.4127196,576,782,97.28589
16,0.5333333333333333,0.26044732,-0.02854589,14.922531,-1.635559,484,801,97.28589
17,0.5666666666666667,0.22625525,-0.027754666,12.96347,-1.5902251,456,813,97.28589
18,0.6,0.21934967,-0.01810923,12.567809,-1.0375824,443,813,97.28589
19,0.6333333333333333,0.25786403,-0.05697194,14.77452,-3.2642517,410,840,97.28589
20,0.6666666666666666,0.24654056,0.0036306875,14.125732,0.20802306,306,817,97.28589
21,0.7,0.19072282,-0.026438532,10.927612,-1.5148163,347,826,97.21923
22,0.7333333333333333,0.27419108,0.00043196476,15.7099905,0.024749756,310,807,97.21923
23,0.7666666666666667,0.21604095,-0.021161478,12.378234,-1.2124633,322,810,97.21923
24,0.8,0.17923287,-0.015086008,10.269286,-0.86436456,351,809,97.02008
25,0.8333333333333334,0.15344869,-0.0077194395,8.791962,-0.4422913,261,783,93.751625
26,0.8666666666666667,0.21265021,0.020900223,12.183959,1.1974945,281,750,100.95301
27,0.9,0.19710828,0.005413674,11.293472,0.31018063,311,740,97.28589
28,0.9333333333333332,0.22091134,-0.009568205,12.657287,-0.5482177,314,744,100.95301
29,0.9666666666666668,0.25769094,-0.0005890913,14.764603,-0.03375244,296,742,100.95301
30,1.0,0.21418312,-0.0173465,12.271789,-0.99388117,216,706,100.95301
31,1.0333333333333334,0.23671295,-0.006837666,13.562652,-0.39176938,223,714,100.95301
32,1.0666666666666669,0.2200626,-9.321064e-05,12.608658,-0.005340576,244,715,97.28589
33,1.1,0.28739503,-0.01577204,16.466522,-0.9036712,223,725,97.28589
34,1.1333333333333333,0.16925615,-0.037156425,9.697662,-2.1289062,263,746,97.28589
35,1.1666666666666667,0.19834213,-0.033038378,11.364166,-1.8929595,193,719,93.751625
36,1.2,0.21146299,-0.04288542,12.115936,-2.4571533,224,752,97.28589
37,1.2333333333333334,0.21800531,-0.08190872,12.490784,-4.6930237,239,803,101.02766
38,1.2666666666666666,0.2467339,-0.040417198,14.13681,-2.3157346,241,817,97.21923
39,1.3,0.27108026,-0.044273455,15.531754,-2.536682,232,829,97.21923
40,1.3333333333333333,0.24245207,-0.023008646,13.8914795,-1.3182982,170,824,97.21923
41,1.3666666666666667,0.24115165,-0.026908312,13.816971,-1.5417327,184,828,97.21923
42,1.4,0.22084291,-0.021845646,12.653366,-1.2516632,205,828,97.21923
43,1.4333333333333331,0.22490342,-0.016402677,12.886016,-0.9398041,220,826,97.21923
44,1.4666666666666666,0.21770278,-0.0021174795,12.47345,-0.12132263,235,817,97.21923
45,1.5,0.2471315,-0.013491841,14.159591,-0.7730255,183,810,97.21923
46,1.5333333333333334,0.2580092,-0.060578395,14.782837,-3.4708862,186,834,97.21923
47,1.5666666666666669,0.1580192,-0.013467073,9.053833,-0.77160645,230,830,100.95301
48,1.6,0.1582168,-0.060063872,9.065155,-3.4414062,267,850,97.28589
49,1.6333333333333333,0.14241335,-0.07025153,8.159683,-4.025116,304,872,97.28589
50,1.6666666666666667,0.10434399,-0.053268284,5.97847,-3.0520477,271,875,97.28589
51,1.7,0.12829646,-0.09812231,7.3508453,-5.621994,322,915,97.28589
52,1.7333333333333334,0.08668989,-0.08071882,4.9669647,-4.6248474,379,940,97.28589
53,1.7666666666666666,0.0880244,-0.106203675,5.0434265,-6.085022,425,973,97.28589
54,1.8,0.17297232,-0.09427857,9.9105835,-5.4017634,437,993,97.28589
55,1.8333333333333333,0.18932839,-0.071086966,10.847717,-4.072983,428,1013,97.21923
56,1.8666666666666667,0.18501034,-0.04594299,10.600311,-2.6323392,436,1008,97.28589
57,1.9,0.14359392,-0.061887603,8.227325,-3.5458982,458,1012,97.28589
58,1.9333333333333331,0.14480512,-0.06856602,8.296721,-3.928543,477,1019,97.28589
59,1.9666666666666663,0.14604403,-0.06497554,8.367706,-3.7228239,492,1023,97.28589
60,2.0,0.16087624,-0.06003618,9.217529,-3.4398196,491,1044,97.28589
61,2.033333333333333,0.14483069,-0.044180512,8.298186,-2.5313568,508,1036,97.28589
62,2.066666666666667,0.13239746,-0.050984357,7.585815,-2.9211884,526,1033,97.28589
63,2.1,0.12855984,-0.06665893,7.365936,-3.8192751,543,1037,97.28589
64,2.1333333333333333,0.11567813,-0.06404343,6.627868,-3.669418,562,1040,97.28589
65,2.1666666666666665,0.16510427,-0.06069531,9.459777,-3.4775848,569,1061,97.28589
66,2.2,0.1728855,-0.04583327,9.905609,-2.6260529,569,1053,97.28589
67,2.2333333333333334,0.13232769,-0.12682399,7.5818176,-7.266479,582,1080,97.28589
68,2.2666666666666666,0.1558607,-0.11101893,8.9301605,-6.360916,586,1097,97.28589
69,2.3,0.14263092,-0.106284365,8.17215,-6.0896454,593,1111,97.28589
70,2.333333333333333,0.13754588,-0.124101184,7.8807983,-7.1104736,603,1137,97.28589
71,2.3666666666666667,0.115932465,-0.0702755,6.642441,-4.0264893,618,1135,97.28589
72,2.4,0.15609907,-0.04373816,8.943817,-2.506012,618,1123,100.95301
73,2.433333333333333,0.1132147,-0.04712144,6.4867244,-2.6998594,630,1114,101.02766
74,2.466666666666667,0.11285572,-0.015758457,6.466156,-0.902893,642,1095,97.28589
75,2.5,0.107723266,-0.025303226,6.172088,-1.449768,656,1117,97.28589
76,2.533333333333333,0.13977017,-0.031212516,8.00824,-1.7883453,659,1101,97.28589
77,2.566666666666667,0.13544199,-0.06341999,7.760254,-3.6336975,664,1099,97.28589
78,2.6,0.13521296,-0.05894375,7.7471313,-3.3772278,668,1095,97.28589
79,2.6333333333333333,0.13330959,-0.064742774,7.6380763,-3.7094874,671,1094,97.28589
80,2.6666666666666665,0.15115677,-0.08171377,8.660645,-4.6818542,687,1114,97.28589
81,2.7,0.16572452,-0.09387004,9.495315,-5.3783565,681,1121,97.21923
82,2.7333333333333334,0.12896465,-0.07955848,7.3891296,-4.558365,686,1123,97.21923
83,2.7666666666666666,0.15459225,-0.072771944,8.857483,-4.169525,683,1123,97.21923
84,2.8,0.09658354,-0.06408551,5.5338287,-3.6718292,695,1120,97.21923
85,2.833333333333333,0.10943408,-0.06492095,6.2701106,-3.719696,711,1141,97.21923
86,2.8666666666666667,0.12347934,-0.08054784,7.0748444,-4.615051,715,1142,97.21923
87,2.9,0.11549757,-0.05749605,6.6175227,-3.2942808,720,1136,97.21923
88,2.933333333333333,0.16258386,-0.06065802,9.315369,-3.4754484,714,1131,97.21923
89,2.966666666666667,0.16650537,-0.04361299,9.540054,-2.49884,708,1122,97.21923
90,3.0,0.17827149,-0.055722654,10.214203,-3.1926727,724,1140,97.21923
91,3.033333333333333,0.17064072,-0.054916248,9.776993,-3.146469,715,1133,97.21923
92,3.066666666666667,0.1670436,-0.057990335,9.570892,-3.3226013,709,1127,97.21923
93,3.1,0.16624783,-0.055387896,9.525298,-3.1734924,703,1121,97.21923
94,3.1333333333333333,0.16906573,-0.062239673,9.686752,-3.5660703,697,1118,97.21923
95,3.1666666666666665,0.1713904,-0.07314612,9.819946,-4.1909637,711,1134,100.95301
96,3.2,0.23444287,-0.112270884,13.432587,-6.4326477,686,1145,100.95301
97,3.2333333333333334,0.18458104,-0.08094705,10.575714,-4.637924,675,1146,100.95301
98,3.2666666666666666,0.18091813,-0.07579251,10.365845,-4.3425903,667,1145,100.95301
99,3.3,0.20067346,-0.073707245,11.497742,-4.223114,655,1144,100.95301
100,3.333333333333333,0.16080807,-0.09636862,9.213623,-5.521515,665,1162,97.28589
101,3.3666666666666667,0.20457207,-0.092552036,11.721115,-5.3028407,652,1164,97.28589
102,3.4,0.17055683,-0.1085406,9.772186,-6.218918,649,1171,97.28589
103,3.433333333333333,0.18580157,-0.08863879,10.645645,-5.078628,642,1172,97.28589
104,3.466666666666667,0.25425413,-0.07774992,14.567688,-4.4547424,623,1169,97.28589
105,3.5,0.21392427,-0.09661097,12.256957,-5.5354004,629,1187,97.28589
106,3.533333333333333,0.18998672,-0.07288779,10.885437,-4.1761627,622,1183,97.28589
107,3.566666666666667,0.19469918,-0.09583253,11.155441,-5.490799,615,1185,97.28589
108,3.6,0.19564247,-0.12549508,11.209487,-7.1903377,609,1194,97.28589
109,3.633333333333333,0.15818964,-0.13344781,9.063599,-7.645996,610,1205,97.28589
110,3.6666666666666665,0.18173519,-0.11944224,10.412659,-6.843536,615,1224,97.28589
111,3.7,0.21255276,-0.14143862,12.178375,-8.103835,604,1235,97.28589
112,3.733333333333333,0.23189129,-0.15263295,13.286391,-8.745223,591,1245,97.28589
113,3.7666666666666666,0.21289684,-0.11763049,12.19809,-6.7397304,582,1249,97.28589
114,3.8,0.2497526,-0.13922635,14.309769,-7.977082,568,1256,97.28589
115,3.8333333333333335,0.2569077,-0.11683314,14.719727,-6.6940455,570,1278,97.28589
116,3.8666666666666663,0.17736493,-0.1302166,10.162261,-7.460861,569,1284,97.28589
117,3.9,0.22237928,-0.12194429,12.741394,-6.986893,559,1287,97.28589
118,3.933333333333333,0.22584459,-0.098885834,12.939941,-5.6657405,550,1285,97.28589
119,3.966666666666667,0.27833068,-0.09461493,15.947172,-5.421036,532,1281,97.28589
120,4.0,0.1617122,-0.11479716,9.265426,-6.5773926,532,1302,97.28589
121,4.033333333333333,0.16752988,-0.10980772,9.598755,-6.2915187,535,1303,97.28589
122,4.066666666666666,0.19968463,-0.108211964,11.441086,-6.2000885,531,1302,97.28589
123,4.1,0.19083227,-0.12572171,10.933883,-7.203323,530,1306,97.28589
124,4.133333333333334,0.23012216,-0.10886577,13.185028,-6.237549,521,1304,97.28589
125,4.166666666666667,0.20454648,-0.111262076,11.719649,-6.374847,521,1326,97.28589
126,4.2,0.19920444,-0.109381095,11.413573,-6.2670746,518,1325,97.28589
127,4.233333333333333,0.17239973,-0.11597987,9.877776,-6.645157,520,1326,97.28589
128,4.266666666666667,0.15604846,-0.1091414,8.940918,-6.253341,525,1325,97.28589
129,4.3,0.19146743,-0.091531254,10.970275,-5.2443542,524,1320,97.28589
130,4.333333333333333,0.19762841,-0.13325793,11.323273,-7.635116,523,1342,97.28589
131,4.366666666666666,0.17814419,-0.11459423,10.206909,-6.5657654,524,1341,97.28589
132,4.4,0.14966114,-0.07939549,8.574951,-4.549026,530,1333,97.28589
133,4.433333333333334,0.19943614,-0.120683804,11.426848,-6.9146724,527,1334,97.28589
134,4.466666666666667,0.15861042,-0.09458776,9.0877075,-5.419479,531,1330,97.28589
135,4.5,0.22060935,-0.098444544,12.639984,-5.6404567,531,1351,97.28589
136,4.533333333333333,0.17013872,-0.094078824,9.74823,-5.3903193,533,1346,97.28589
137,4.566666666666666,0.2082757,-0.09581601,11.933318,-5.4898524,529,1341,97.28589
138,4.6,0.20632574,-0.092068404,11.821593,-5.2751307,525,1335,97.28589
139,4.633333333333334,0.23652093,-0.11718762,13.55165,-6.7143555,516,1335,97.28589
140,4.666666666666667,0.24010715,-0.11828537,13.757126,-6.777252,515,1355,97.28589
141,4.7,0.24612908,-0.11551835,14.102157,-6.6187134,505,1353,97.28589
142,4.733333333333333,0.19309384,-0.097236805,11.063461,-5.571258,504,1348,97.28589
143,4.766666666666667,0.15538214,-0.11739801,8.9027405,-6.72641,509,1348,97.28589
144,4.8,0.28116056,-0.13886335,16.109312,-7.9562836,495,1350,97.28589
145,4.833333333333333,0.25590155,-0.10970333,14.662078,-6.2855377,493,1370,97.28589
146,4.866666666666666,0.23636779,-0.107212216,13.542876,-6.142807,485,1366,97.28589
147,4.9,0.2578686,-0.14450392,14.774781,-8.279465,475,1369,97.28589
148,4.933333333333334,0.2502908,-0.12096771,14.340607,-6.9309387,466,1367,97.28589
149,4.966666666666667,0.2516554,-0.1278304,14.418792,-7.324142,458,1367,97.21923
150,5.0,0.27478337,-0.13698582,15.743927,-7.848709,454,1387,97.21923
151,5.033333333333333,0.20802218,-0.14180827,11.918792,-8.125015,453,1389,97.21923
152,5.066666666666666,0.21190959,-0.14538942,12.141524,-8.3302,451,1391,97.21923
153,5.1,0.20888983,-0.14528635,11.968505,-8.324294,450,1392,97.28589
154,5.133333333333334,0.22861667,-0.13052632,13.098769,-7.4786067,446,1392,97.28589
155,5.166666666666667,0.23732921,-0.20975137,13.597961,-12.017867,442,1412,97.28589
156,5.2,0.07452324,-0.31716093,4.269867,-18.171982,462,1413,97.28589
157,5.233333333333333,0.27492666,-0.41698182,15.752136,-23.891296,450,1414,97.28589
158,5.266666666666667,0.3127683,-0.457203,17.920303,-26.1958,435,1415,97.28589
159,5.3,0.17686613,-0.26454964,10.133682,-15.1575775,439,1416,97.28589
160,5.333333333333333,0.2532203,-0.32715046,14.508453,-18.744339,434,1436,97.21923
161,5.366666666666666,0.18059695,-0.19471917,10.347443,-11.156586,438,1436,97.21923
162,5.4,0.16932298,-0.16529709,9.701491,-9.470825,443,1436,97.21923
163,5.433333333333334,0.20490149,-0.1730983,11.739989,-9.917801,443,1436,97.21923
164,5.466666666666667,0.20078796,-0.16179077,11.504302,-9.269928,443,1436,97.21923
165,5.5,0.20156987,-0.14972718,11.549102,-8.578735,439,1456,97.21923
166,5.533333333333333,0.17786482,-0.14607759,10.190903,-8.369629,443,1455,97.21923
167,5.566666666666666,0.18922825,-0.09810686,10.84198,-5.621109,445,1448,97.21923
168,5.6,0.20759287,-0.14585574,11.894195,-8.356917,445,1448,97.21923
169,5.633333333333334,0.22172655,-0.15718457,12.703995,-9.006012,442,1447,97.28589
170,5.666666666666667,0.26180154,-0.13450162,15.000122,-7.7063746,438,1467,97.28589
171,5.7,0.19770643,-0.14954741,11.327744,-8.568435,439,1466,97.28589
172,5.733333333333333,0.22481847,-0.16131806,12.881148,-9.242844,436,1465,97.21923
173,5.766666666666667,0.19618817,-0.17815083,11.240753,-10.207291,437,1464,97.21923
174,5.8,0.21937603,-0.1963474,12.56932,-11.249877,435,1463,97.21923
175,5.833333333333333,0.1876317,-0.19182271,10.750504,-10.990631,432,1483,97.21923
176,5.866666666666666,0.26498827,-0.18196422,15.182709,-10.425781,423,1481,97.21923
177,5.9,0.23991993,-0.20238082,13.746399,-11.595566,418,1480,97.21923
178,5.933333333333334,0.19107117,-0.18340924,10.947571,-10.508575,422,1478,93.81139
179,5.966666666666667,0.20967227,-0.20213181,12.013335,-11.581299,422,1477,93.81139
180,6.0,0.2667478,-0.14534494,15.283523,-8.327651,418,1496,93.81139
181,6.033333333333333,0.22247249,-0.13718368,12.746734,-7.8600454,417,1493,93.81139
182,6.066666666666666,0.23754546,-0.14830106,13.610352,-8.497025,414,1492,93.81139
183,6.1,0.22594713,-0.15137328,12.945816,-8.67305,413,1490,93.81139
184,6.133333333333334,0.18957339,-0.13288721,10.861754,-7.6138763,417,1487,93.81139
185,6.166666666666667,0.20799023,-0.15573874,11.916962,-8.923172,413,1506,93.81139
186,6.2,0.23765224,-0.12719364,13.616469,-7.2876587,410,1501,93.81139
187,6.233333333333333,0.23466924,-0.15714328,13.445557,-9.003646,408,1499,93.81139
188,6.266666666666667,0.2683268,-0.13627928,15.373992,-7.8082275,401,1495,93.81139
189,6.3,0.24675305,-0.14570288,14.137908,-8.34816,398,1493,93.81139
190,6.333333333333333,0.27187413,-0.1650108,15.577239,-9.454422,393,1512,93.81139
191,6.366666666666666,0.24914274,-0.1449588,14.274826,-8.305527,390,1509,93.81139
192,6.4,0.2773826,-0.18036951,15.892852,-10.334412,383,1507,93.81139
193,6.433333333333334,0.260683,-0.18684739,14.936035,-10.705566,378,1505,93.81139
194,6.466666666666667,0.24696557,-0.17729463,14.1500845,-10.158234,376,1503,93.81139
195,6.5,0.23506711,-0.17474093,13.468353,-10.011917,370,1521,93.81139
196,6.533333333333333,0.25959805,-0.16967319,14.873872,-9.721557,366,1518,93.81139
197,6.566666666666666,0.2657952,-0.13497007,15.228943,-7.733215,361,1514,93.81139
198,6.6,0.24359243,-0.13562788,13.956818,-7.7709045,360,1510,93.81139
199,6.633333333333334,0.22066422,-0.13658209,12.643127,-7.825577,361,1507,93.81139
200,6.666666666666667,0.2268502,-0.1278171,12.997559,-7.3233795,355,1524,93.81139
201,6.7,0.31065777,-0.14746056,17.799377,-8.448868,344,1521,93.81139
202,6.733333333333333,0.19930567,-0.14662433,11.419373,-8.400954,349,1518,93.81139
203,6.766666666666667,0.25259924,-0.14764431,14.47287,-8.459395,346,1516,93.81139
204,6.8,0.23041192,-0.16956188,13.20163,-9.715179,347,1514,93.81139
205,6.833333333333333,0.22079045,-0.21791609,12.65036,-12.485671,341,1531,93.81139
206,6.866666666666666,0.22944385,-0.17028679,13.146163,-9.756714,341,1528,93.81139
207,6.9,0.2364168,-0.21388912,13.545684,-12.254943,341,1525,93.81139
208,6.933333333333334,0.260846,-0.20182182,14.945374,-11.563538,338,1523,93.81139
209,6.966666666666667,0.244879,-0.2023374,14.030533,-11.593079,337,1520,93.81139
210,7.0,0.26926315,-0.20666982,15.427641,-11.841308,331,1537,93.81139
211,7.033333333333333,0.2293541,-0.17865257,13.141021,-10.236037,332,1534,93.81139
212,7.066666666666666,0.237285,-0.1898525,13.595428,-10.877747,332,1531,93.81139
213,7.1,0.22355427,-0.21639463,12.808716,-12.398499,333,1529,93.81139
214,7.133333333333334,0.19918822,-0.23096398,11.412643,-13.23326,338,1526,93.81139
215,7.166666666666667,0.20143485,-0.18509129,11.541367,-10.604949,332,1542,97.28589
216,7.2,0.21886817,-0.15633981,12.540221,-8.957611,333,1539,97.28589
217,7.233333333333333,0.19965133,-0.18092586,11.439178,-10.366287,336,1536,97.28589
218,7.266666666666667,0.18758428,-0.1868338,10.747787,-10.704787,341,1534,97.28589
219,7.3,0.21061823,-0.1873422,12.067534,-10.733916,343,1531,97.28589
220,7.333333333333333,0.21733047,-0.16555434,12.452118,-9.485564,338,1547,97.28589
221,7.366666666666666,0.2678235,-0.19227225,15.345155,-11.016388,334,1544,93.751625
222,7.4,0.23649643,-0.21174183,13.550247,-12.131913,334,1541,93.751625
223,7.433333333333334,0.23625383,-0.18606228,13.536346,-10.660583,333,1538,97.21923
224,7.466666666666667,0.2426582,-0.18510221,13.90329,-10.605575,331,1535,97.21923
225,7.5,0.2782359,-0.17771754,15.941743,-10.182465,325,1551,101.02766
226,7.533333333333333,0.25536305,-0.18799281,14.631224,-10.771194,321,1548,101.02766
227,7.566666666666666,0.19690615,-0.1620933,11.281891,-9.287261,325,1545,97.28589
228,7.6,0.12423008,-0.1727321,7.117859,-9.89682,337,1542,97.28589
229,7.633333333333334,0.1170944,-0.20180771,6.7090144,-11.562729,350,1539,93.81139
230,7.666666666666667,0.1181799,-0.20358296,6.7712092,-11.664444,345,1554,93.81139
231,7.7,0.11566215,-0.21998191,6.6269526,-12.604034,358,1551,97.28589
232,7.733333333333333,0.14749998,-0.2334567,8.451126,-13.376083,367,1548,97.28589
233,7.766666666666667,0.15232429,-0.21922451,8.727538,-12.560638,375,1545,97.28589
234,7.8,0.12344604,-0.19631386,7.0729365,-11.247955,386,1542,97.28589
235,7.833333333333333,0.1359581,-0.2001773,7.789825,-11.469314,382,1557,97.28589
236,7.866666666666666,0.10642045,-0.1953775,6.097442,-11.194305,395,1553,97.28589
237,7.9,0.19795437,-0.20758303,11.341949,-11.893631,398,1550,93.751625
238,7.933333333333334,0.1409454,-0.1843054,8.075577,-10.559921,406,1547,93.751625
239,7.966666666666667,0.14414467,-0.18757415,8.258881,-10.747207,414,1544,93.751625
240,8.0,0.18507345,-0.21205048,10.603927,-12.149597,412,1559,93.751625
241,8.033333333333333,0.15774196,-0.18361324,9.037949,-10.520263,418,1555,97.28589
242,8.066666666666666,0.17639767,-0.2142697,10.106841,-12.276749,422,1552,97.28589
243,8.1,0.20181489,-0.21667612,11.563141,-12.414626,422,1549,97.28589
244,8.133333333333333,0.21651766,-0.19446748,12.405547,-11.142165,421,1546,97.28589
245,8.166666666666666,0.208721,-0.24046962,11.958832,-13.777894,419,1560,97.28589
246,8.2,0.25687706,-0.21691447,14.717971,-12.428284,414,1557,93.81139
247,8.233333333333333,0.21676987,-0.22822013,12.419998,-13.07605,414,1554,93.81139
248,8.266666666666667,0.19248396,-0.22109166,11.028518,-12.667618,417,1551,93.751625
249,8.3,0.1724711,-0.20064895,9.8818655,-11.496337,422,1548,93.751625
250,8.333333333333334,0.18171921,-0.20419762,10.411743,-11.699661,419,1561,93.751625
251,8.366666666666667,0.17638595,-0.21661459,10.10617,-12.411101,424,1558,93.751625
252,8.4,0.14636041,-0.23804666,8.385834,-13.639069,431,1555,93.751625
253,8.433333333333334,0.1289428,-0.21397728,7.387878,-12.2599945,440,1552,93.751625
254,8.466666666666667,0.26985413,-0.2198791,15.461502,-12.598145,434,1549,93.81139
255,8.5,0.28440085,-0.21306674,16.294968,-12.207825,432,1562,93.81139
256,8.533333333333333,0.29573047,-0.1993083,16.944107,-11.419524,421,1559,97.21923
257,8.566666666666666,0.2857604,-0.20218347,16.372864,-11.584259,413,1556,93.81139
258,8.6,0.15411554,-0.17185353,8.83017,-9.846481,420,1553,97.21923
259,8.633333333333333,0.23840432,-0.17625919,13.65956,-10.098907,416,1550,97.21923
260,8.666666666666666,0.14838389,-0.17998575,8.50177,-10.312423,414,1563,97.21923
261,8.7,0.12614276,-0.21248005,7.227447,-12.17421,423,1559,97.21923
262,8.733333333333333,0.15089205,-0.183087,8.645477,-10.490112,430,1556,97.21923
263,8.766666666666667,0.1278669,-0.17220053,7.326233,-9.866364,438,1553,97.21923
264,8.8,0.19695728,-0.1945631,11.28482,-11.147644,438,1550,100.95301
265,8.833333333333334,0.20573959,-0.20599872,11.78801,-11.802856,436,1563,100.95301
266,8.866666666666667,0.17759769,-0.19125466,10.175597,-10.958084,439,1559,100.95301
267,8.9,0.27869236,-0.17978416,15.9678955,-10.300873,431,1556,93.81139
268,8.933333333333334,0.2777094,-0.17449458,15.911575,-9.997803,425,1553,93.81139
269,8.966666666666667,0.26296267,-0.16785479,15.06665,-9.617371,420,1550,93.81139
270,9.0,0.24658822,-0.17423305,14.128463,-9.982818,417,1563,93.81139
271,9.033333333333331,0.1891361,-0.1861073,10.8366995,-10.663162,420,1559,97.21923
272,9.066666666666666,0.2451163,-0.19816956,14.044128,-11.354279,416,1556,97.28589
273,9.1,0.31244978,-0.18370406,17.902054,-10.525467,405,1553,97.28589
274,9.133333333333333,0.2681894,-0.16718554,15.36612,-9.579025,399,1550,97.28589
275,9.166666666666666,0.23216188,-0.17917934,13.301895,-10.266219,397,1562,97.28589
276,9.2,0.22216465,-0.17841795,12.729095,-10.222595,396,1559,97.28589
277,9.233333333333333,0.2387082,-0.20103325,13.676971,-11.518356,393,1556,97.28589
278,9.266666666666667,0.22712903,-0.18870014,13.013534,-10.811721,392,1553,97.28589
279,9.3,0.23464634,-0.18969376,13.444244,-10.868651,390,1550,97.28589
280,9.333333333333334,0.23562452,-0.17926031,13.50029,-10.270859,387,1562,97.28589
281,9.366666666666667,0.27112952,-0.19215213,15.534576,-11.009505,380,1558,97.28589
282,9.4,0.14913276,-0.18706498,8.544677,-10.718033,388,1555,97.28589
283,9.433333333333334,0.15204467,-0.17909627,8.711517,-10.261459,395,1552,97.28589
284,9.466666666666669,0.081493266,-0.18729693,4.66922,-10.731323,408,1550,97.28589
285,9.5,0.10082409,-0.18325293,5.7767944,-10.499619,406,1561,97.28589
286,9.533333333333331,0.10841463,-0.2013728,6.2117004,-11.537811,417,1558,97.28589
287,9.566666666666666,0.096501775,-0.1980268,5.5291443,-11.3461,429,1555,97.28589
288,9.6,0.12124147,-0.19901405,6.9466243,-11.402664,437,1552,97.28589
289,9.633333333333333,0.15972869,-0.16406511,9.151779,-9.400238,442,1549,97.28589
290,9.666666666666666,0.1057821,-0.19418865,6.0608673,-11.12619,441,1560,93.81139
291,9.7,0.13419029,-0.16375005,7.688537,-9.382186,449,1557,93.81139
292,9.733333333333333,0.16571227,-0.17776495,9.494613,-10.185181,453,1554,93.81139
293,9.766666666666667,0.16230795,-0.17260586,9.29956,-9.889586,458,1551,93.81139
294,9.8,0.16772535,-0.1752946,9.609955,-10.04364,461,1548,93.81139
295,9.833333333333334,0.16638206,-0.18821359,9.5329895,-10.783844,461,1559,93.81139
296,9.866666666666667,0.1742826,-0.17598648,9.985657,-10.083282,464,1556,93.81139
297,9.9,0.18083237,-0.18174529,10.360931,-10.413238,466,1553,93.81139
298,9.933333333333334,0.1907958,-0.18697602,10.931793,-10.712936,468,1550,93.81139
299,9.966666666666669,0.17667064,-0.18510541,10.122481,-10.605759,470,1547,93.81139
300,10.0,0.22935091,-0.19067648,13.140839,-10.924957,470,1557,97.28589
301,10.033333333333331,0.17672578,-0.17076883,10.125641,-9.784332,472,1554,97.28589
302,10.066666666666666,0.1985962,-0.1637671,11.378723,-9.383163,472,1552,97.28589
303,10.1,0.17195472,-0.15686579,9.85228,-8.987747,474,1549,97.28589
304,10.133333333333333,0.18038097,-0.16994697,10.335068,-9.737244,476,1546,93.81139
305,10.166666666666666,0.17138241,-0.15701732,9.819489,-8.996429,476,1556,93.81139
306,10.2,0.11214678,-0.14061251,6.4255366,-8.056503,485,1553,93.81139
307,10.233333333333333,0.10684069,-0.14840838,6.1215205,-8.503174,494,1550,100.95301
308,10.266666666666667,0.07783541,-0.14801903,4.4596405,-8.4808655,505,1548,93.81139
309,10.3,0.13010661,-0.15722318,7.4545593,-9.0082245,511,1545,97.21923
310,10.333333333333334,0.13729449,-0.15835236,7.866394,-9.072922,512,1555,93.81139
311,10.366666666666667,0.124301985,-0.15520105,7.1219788,-8.8923645,518,1552,97.21923
312,10.4,0.09022257,-0.14597824,5.169372,-8.363936,528,1549,97.21923
313,10.433333333333334,0.16700417,-0.12379678,9.568633,-7.093033,530,1545,97.21923
314,10.466666666666669,0.13111381,-0.13780394,7.5122676,-7.8955836,535,1542,97.21923
315,10.5,0.145007,-0.13848065,8.308289,-7.934356,536,1552,97.21923
316,10.533333333333331,0.18175542,-0.14543869,10.413818,-8.333022,536,1549,97.21923
317,10.566666666666666,0.09527139,-0.14466424,5.4586487,-8.2886505,544,1546,97.21923
318,10.6,0.09774733,-0.14208737,5.600509,-8.141006,553,1544,97.21923
319,10.633333333333333,0.1599918,-0.16238332,9.166855,-9.303878,554,1541,97.21923
320,10.666666666666666,0.1630627,-0.14648105,9.342804,-8.392746,556,1550,97.21923
321,10.7,0.15501383,-0.13157934,8.881638,-7.5389404,558,1547,97.21923
322,10.733333333333333,0.14236167,-0.13471495,8.156722,-7.7185974,562,1545,97.21923
323,10.766666666666667,0.10730355,-0.13324088,6.1480403,-7.6341395,568,1542,97.21923
324,10.8,0.11657108,-0.13242543,6.679031,-7.5874176,574,1540,97.28589
325,10.833333333333334,0.20006838,-0.14960468,11.463074,-8.571716,576,1548,97.28589
326,10.866666666666667,0.19822042,-0.1496875,11.357193,-8.576462,573,1546,97.28589
327,10.9,0.22713035,-0.14451803,13.01361,-8.2802725,567,1543,97.28589
328,10.933333333333334,0.21879601,-0.14106125,12.536088,-8.082213,563,1541,97.28589
329,10.966666666666669,0.19298384,-0.16758688,11.057158,-9.60202,562,1538,93.81139
330,11.0,0.19523822,-0.15770921,11.186325,-9.036072,564,1547,97.28589
331,11.033333333333331,0.2009989,-0.16014893,11.516388,-9.175858,561,1544,97.28589
332,11.066666666666666,0.18767697,-0.15339382,10.753098,-8.788818,559,1541,97.28589
333,11.1,0.1938965,-0.13403982,11.10945,-7.6799154,558,1539,97.28589
334,11.133333333333333,0.19816369,-0.14262533,11.353942,-8.171829,556,1537,93.81139
335,11.166666666666666,0.1583601,-0.11959244,9.073364,-6.852142,558,1545,93.81139
336,11.2,0.14192492,-0.102126904,8.131699,-5.8514404,561,1538,97.28589
337,11.233333333333333,0.11368982,-0.117193475,6.5139465,-6.714691,567,1534,97.28589
338,11.266666666666667,0.15060602,-0.11989365,8.629089,-6.8693995,570,1530,93.751625
339,11.3,0.18070029,-0.15636031,10.353363,-8.958786,570,1528,93.751625
340,11.333333333333334,0.2062107,-0.3278575,11.815002,-18.78485,572,1536,97.28589
341,11.366666666666667,0.2669787,-0.36411995,15.296753,-20.862535,562,1533,97.28589
342,11.4,0.28218696,-0.3827892,16.168121,-21.932203,551,1531,97.28589
343,11.433333333333334,0.18063504,-0.31781232,10.349625,-18.209303,551,1529,97.28589
344,11.466666666666669,0.19061896,-0.3258556,10.921661,-18.67015,549,1527,97.28589
345,11.5,0.12042495,-0.21621113,6.899841,-12.387984,551,1534,97.28589
346,11.533333333333331,0.12153709,-0.16799487,6.963562,-9.625397,556,1532,97.28589
347,11.566666666666666,0.119983666,-0.14739345,6.8745575,-8.445023,562,1530,97.28589
348,11.6,0.2102659,-0.11588106,12.047348,-6.6394954,559,1525,97.28589
349,11.633333333333333,0.10880398,-0.09074882,6.2340083,-5.199524,565,1518,97.28589
350,11.666666666666666,0.10142569,-0.11017844,5.8112636,-6.3127594,567,1525,97.28589
351,11.7,0.1398402,-0.115384124,8.012253,-6.611023,570,1521,97.28589
352,11.733333333333333,0.23409879,-0.16233486,13.412872,-9.301102,564,1519,97.28589
353,11.766666666666667,0.20263913,-0.1527757,11.610367,-8.753403,561,1517,97.28589
354,11.8,0.18429396,-0.15823545,10.559265,-9.066223,560,1515,97.28589
355,11.833333333333334,0.19619454,-0.15833531,11.241118,-9.071944,562,1522,97.28589
356,11.866666666666667,0.2426715,-0.15530251,13.904053,-8.898178,555,1520,97.28589
357,11.9,0.15636165,-0.14534707,8.958862,-8.327773,557,1518,97.28589
358,11.933333333333334,0.17079838,-0.13680314,9.786026,-7.838242,557,1516,97.28589
359,11.966666666666669,0.17945792,-0.11267356,10.282181,-6.455719,557,1512,97.28589
360,12.0,0.15275998,-0.12515286,8.7525015,-7.17073,558,1519,97.28589
361,12.033333333333331,0.14400671,-0.11250471,8.250977,-6.446045,562,1514,97.28589
362,12.066666666666666,0.14458142,-0.114923924,8.283905,-6.5846553,565,1510,97.28589
363,12.1,0.13576315,-0.11606535,7.778655,-6.6500545,568,1507,97.28589
364,12.133333333333333,0.13675919,-0.11981721,7.835724,-6.8650203,572,1504,97.28589
365,12.166666666666666,0.1464238,-0.11329247,8.389465,-6.49118,573,1510,97.28589
366,12.2,0.1603159,-0.11665098,9.185424,-6.6836085,575,1506,97.28589
367,12.233333333333333,0.17829011,-0.11441553,10.21527,-6.5555263,574,1502,97.28589
368,12.266666666666667,0.15294509,-0.10574241,8.763107,-6.0585933,576,1497,97.28589
369,12.3,0.16604543,-0.09539524,9.513701,-5.465744,576,1492,97.28589
370,12.333333333333334,0.13668302,-0.09821738,7.8313594,-5.6274414,578,1497,97.28589
371,12.366666666666667,0.16765265,-0.06023911,9.605789,-3.4514465,578,1486,97.28589
372,12.4,0.17587996,-0.11072412,10.077179,-6.3440247,578,1482,97.28589
373,12.433333333333334,0.15824078,-0.1188401,9.066528,-6.809036,579,1480,97.28589
374,12.466666666666669,0.15297331,-0.121880375,8.764725,-6.9832306,581,1477,97.28589
375,12.5,0.17221545,-0.09993859,9.867218,-5.726059,583,1483,97.28589
376,12.533333333333331,0.19199662,-0.1024044,11.000595,-5.8673396,580,1477,97.28589
377,12.566666666666666,0.16647287,-0.107865214,9.538192,-6.180221,581,1473,97.28589
378,12.6,0.19284189,-0.12504926,11.049026,-7.1647944,579,1471,97.28589
379,12.633333333333333,0.19184987,-0.1270714,10.9921875,-7.2806544,577,1469,97.28589
380,12.666666666666666,0.2209023,-0.10907562,12.656769,-6.2495723,578,1474,97.28589
381,12.7,0.15864451,-0.12736967,9.089661,-7.2977443,580,1473,97.21923
382,12.733333333333333,0.1686484,-0.12288598,9.662842,-7.040848,580,1471,97.21923
383,12.766666666666667,0.18280151,-0.09782803,10.473755,-5.605133,579,1465,97.21923
384,12.8,0.12375736,-0.08902708,7.090774,-5.1008754,583,1460,97.21923
385,12.833333333333334,0.17087375,-0.10801542,9.790344,-6.188827,585,1464,97.21923
386,12.866666666666667,0.18270084,-0.10226113,10.467987,-5.859131,584,1459,93.81139
387,12.9,0.21446864,-0.088361554,12.288147,-5.0627437,581,1452,93.81139
388,12.933333333333334,0.19132788,-0.09818143,10.962279,-5.625381,579,1447,93.81139
389,12.966666666666669,0.16121393,-0.12263671,9.236877,-7.0265656,581,1445,93.81139
390,13.0,0.1693925,-0.124448456,9.705475,-7.130371,582,1449,93.81139
391,13.033333333333331,0.20234591,-0.11845129,11.593566,-6.7867584,579,1446,97.28589
392,13.066666666666666,0.15471742,-0.10035856,8.864655,-5.7501216,581,1442,97.28589
393,13.1,0.16619298,-0.107508354,9.522156,-6.159775,581,1439,97.28589
394,13.133333333333333,0.14041518,-0.095873274,8.045197,-5.4931335,584,1435,97.28589
395,13.166666666666666,0.15603034,-0.09819262,8.939879,-5.6260223,586,1438,97.21923
396,13.2,0.14615534,-0.10671261,8.3740835,-6.114182,588,1435,97.21923
397,13.233333333333333,0.12571372,-0.14351003,7.202865,-8.222519,592,1435,97.21923
398,13.266666666666667,0.3515221,-0.33655274,20.140732,-19.28305,579,1435,100.95301
399,13.3,0.36297077,-0.40050188,20.796692,-22.947065,566,1435,100.95301
400,13.333333333333334,0.29925197,-0.3751595,17.145874,-21.495054,567,1439,100.95301
401,13.366666666666667,0.37587243,-0.3972121,21.535902,-22.758575,553,1439,100.95301
402,13.4,0.27641746,-0.32161158,15.837553,-18.426985,543,1439,100.95301
403,13.433333333333334,0.14572579,-0.15123533,8.349472,-8.665146,546,1439,97.28589
404,13.466666666666669,0.16044614,-0.14409034,9.192886,-8.255768,547,1439,97.28589
405,13.5,0.16892457,-0.11896767,9.678664,-6.8163447,548,1443,97.28589
406,13.533333333333331,0.14197445,-0.115267746,8.134537,-6.604355,552,1441,97.28589
407,13.566666666666666,0.16286083,-0.105219364,9.331238,-6.028625,553,1437,97.28589
408,13.6,0.17890452,-0.11430075,10.250473,-6.54895,553,1435,97.28589
409,13.633333333333333,0.16227973,-0.120392196,9.297943,-6.8979645,554,1434,100.95301
410,13.666666666666666,0.119226,-0.08555432,6.8311462,-4.901901,555,1437,97.21923
411,13.7,0.14984116,-0.09922273,8.585265,-5.6850433,557,1433,97.21923
412,13.733333333333333,0.1999038,-0.10515918,11.453644,-6.025177,555,1429,97.21923
413,13.766666666666667,0.18820985,-0.09107931,10.783629,-5.2184596,554,1424,97.21923
414,13.8,0.19743507,-0.10197271,11.312196,-5.8426056,552,1420,97.21923
415,13.833333333333334,0.18597122,-0.09436778,10.655365,-5.406875,553,1424,97.28589
416,13.866666666666667,0.16388161,-0.0905837,9.389725,-5.1900635,554,1418,97.28589
417,13.9,0.16611655,-0.08996851,9.5177765,-5.1548157,555,1413,97.28589
418,13.933333333333334,0.18770333,-0.10724444,10.754608,-6.1446533,554,1411,97.28589
419,13.966666666666669,0.17415397,-0.10651579,9.978287,-6.102905,554,1408,97.28589
420,14.0,0.20342822,-0.01906797,11.655578,-1.092514,555,1411,97.21923
421,14.033333333333331,0.18690065,-0.019671973,10.708617,-1.127121,554,1397,97.21923
422,14.066666666666666,0.16477564,-0.02840288,9.4409485,-1.627365,556,1385,97.21923
423,14.1,0.14488502,-0.038911182,8.3013,-2.2294464,558,1374,97.21923
424,14.133333333333333,0.12491104,-0.02273381,7.156875,-1.3025513,563,1363,97.21923
425,14.166666666666666,0.13475142,-0.03714444,7.7206874,-2.1282196,564,1364,93.751625
426,14.2,0.12876597,-0.02051646,7.377746,-1.1755066,569,1352,97.28589
427,14.233333333333333,0.11599452,-0.029117672,6.645996,-1.6683196,575,1341,93.81139
428,14.266666666666667,0.13322277,-0.055170313,7.6331024,-3.161026,579,1333,93.81139
429,14.3,0.13215032,-0.055518124,7.5716553,-3.180954,583,1326,93.81139
430,14.333333333333334,0.14622512,-0.0186376,8.378082,-1.0678557,584,1327,93.81139
431,14.366666666666667,0.15874198,-0.035959598,9.095245,-2.060333,586,1317,93.81139
432,14.4,0.19537589,-0.10031648,11.194213,-5.7477107,584,1315,93.81139
433,14.433333333333334,0.20828158,-0.088457964,11.933655,-5.068268,581,1312,93.81139
434,14.466666666666669,0.20407271,-0.10964847,11.692505,-6.2823944,578,1311,93.751625
435,14.5,0.19076915,-0.097232014,10.930266,-5.570984,580,1311,97.28589
436,14.533333333333331,0.22606961,-0.05990382,12.952834,-3.4322357,574,1304,97.28589
437,14.566666666666666,0.17758918,-0.076275334,10.17511,-4.3702545,574,1300,97.28589
438,14.6,0.14437476,-0.088942654,8.272064,-5.0960383,576,1298,97.28589
439,14.633333333333333,0.16977333,-0.08378039,9.727295,-4.8002625,576,1295,97.28589
440,14.666666666666666,0.11556335,-0.04108139,6.6212916,-2.3537903,578,1295,93.81139
441,14.7,0.13141689,-0.0899757,7.5296326,-5.1552277,582,1293,93.81139
442,14.733333333333333,0.13339108,-0.08039311,7.6427455,-4.606186,586,1290,93.81139
443,14.766666666666667,0.09362263,-0.08869179,5.3641815,-5.081665,593,1288,97.21923
444,14.8,0.13483185,-0.09599791,7.725295,-5.5002747,596,1287,97.21923
445,14.833333333333334,0.111148365,-0.063866064,6.368332,-3.6592557,598,1287,97.28589
446,14.866666666666667,0.116692,-0.052455753,6.685959,-3.0054932,603,1280,97.28589
447,14.9,0.101748735,-0.060627397,5.829773,-3.4736938,609,1275,97.28589
448,14.933333333333334,0.15429077,-0.03700782,8.840209,-2.1203918,610,1267,97.28589
449,14.966666666666669,0.14180668,-0.032523856,8.124924,-1.8634796,612,1259,97.28589
450,15.0,0.14166713,-0.034887142,8.116928,-1.9988859,614,1258,97.28589
451,15.033333333333331,0.18566547,-0.036126316,10.637848,-2.0698853,611,1250,97.28589
452,15.066666666666666,0.15882666,-0.032263666,9.100097,-1.8485718,612,1242,97.28589
453,15.1,0.19368427,-0.03956472,11.09729,-2.2668915,609,1235,97.28589
454,15.133333333333333,0.1521621,-0.041348774,8.7182455,-2.36911,610,1229,97.28589
455,15.166666666666666,0.12842828,-0.052754026,7.358398,-3.0225828,612,1227,97.28589
456,15.2,0.117143676,-0.034991007,6.711838,-2.004837,616,1220,97.28589
457,15.233333333333333,0.11992215,-0.034400053,6.8710327,-1.9709778,620,1212,97.28589
458,15.266666666666667,0.15761226,-0.012878781,9.030517,-0.7378998,621,1203,97.28589
459,15.3,0.15500636,-0.01845624,8.88121,-1.0574646,621,1195,97.28589
460,15.333333333333334,0.117405996,-0.010982344,6.7268677,-0.62924194,623,1192,97.28589
461,15.366666666666667,0.122227386,-0.030111032,7.003113,-1.725235,627,1185,97.28589
462,15.4,0.15877607,-0.029343242,9.0971985,-1.6812438,627,1178,97.28589
463,15.433333333333334,0.15191843,-0.015872173,8.704284,-0.90940845,628,1170,97.28589
464,15.466666666666669,0.15107341,-0.02130023,8.655869,-1.2204132,628,1162,97.28589
465,15.5,0.12743652,-0.024208667,7.301574,-1.3870543,631,1159,97.28589
466,15.533333333333331,0.16474688,-0.050466903,9.439301,-2.8915403,630,1155,97.28589
467,15.566666666666666,0.13785107,-0.058199394,7.8982844,-3.3345795,632,1153,97.28589
468,15.6,0.11432018,-0.06727225,6.5500636,-3.854416,636,1151,97.28589
469,15.633333333333333,0.11075874,-0.06568581,6.346008,-3.7635193,640,1150,97.28589
470,15.666666666666666,0.123268135,-0.06558461,7.0627437,-3.757721,643,1146,97.28589
471,15.7,0.11273454,-0.07112318,6.4592133,-4.075058,647,1146,97.28589
472,15.733333333333333,0.13689554,-0.061125405,7.843536,-3.5022275,649,1144,97.28589
473,15.766666666666667,0.114221916,-0.057368483,6.544433,-3.2869718,652,1141,97.28589
474,15.8,0.097102046,-0.056244098,5.563537,-3.2225492,657,1139,97.28589
475,15.833333333333334,0.09654012,-0.05086851,5.531341,-2.9145508,660,1136,97.28589
476,15.866666666666667,0.06835482,-0.027565315,3.9164426,-1.5793761,668,1130,97.28589
477,15.9,0.12474966,-0.018828284,7.147629,-1.0787811,671,1123,97.28589
478,15.933333333333334,0.12267266,-0.026727486,7.0286255,-1.5313721,673,1117,97.28589
479,15.966666666666669,0.118460335,-0.03111744,6.7872767,-1.7828978,676,1112,97.28589
480,16.0,0.068616875,-0.037650175,3.931457,-2.157196,679,1108,97.28589
481,16.033333333333335,0.05837649,-0.041268878,3.3447263,-2.3645325,688,1104,97.28589
482,16.066666666666666,0.069301315,-0.028568527,3.9706726,-1.636856,695,1099,97.28589
483,16.1,0.1169751,-0.046609316,6.702179,-2.670517,697,1097,97.28589
484,16.133333333333333,0.11637375,-0.046586942,6.667724,-2.669235,699,1094,97.28589
485,16.166666666666668,0.10606412,-0.063081235,6.077026,-3.6142883,703,1090,97.28589
486,16.2,0.11243494,-0.053531405,6.442047,-3.0671234,706,1088,97.28589
487,16.233333333333334,0.111673534,-0.0023686155,6.398422,-0.13571167,709,1080,97.28589
488,16.266666666666666,0.106187694,-0.012748286,6.0841064,-0.730423,712,1073,97.28589
489,16.3,0.101242736,-0.019560918,5.8007812,-1.1207579,715,1068,97.28589
490,16.333333333333332,0.10745589,-0.025730131,6.1567683,-1.4742278,719,1063,97.28589
491,16.366666666666667,0.08861189,-0.017793644,5.0770874,-1.0195006,724,1058,97.28589
492,16.4,0.15826528,-0.04037672,9.067932,-2.3134155,722,1055,97.28589
493,16.433333333333334,0.1430224,-0.029222336,8.19458,-1.6743164,721,1051,97.28589
494,16.466666666666665,0.11829416,-0.02345526,6.7777557,-1.3438873,723,1046,97.28589
495,16.5,0.11379821,-0.023237146,6.520157,-1.3313904,727,1041,97.28589
496,16.533333333333335,0.14681529,-0.012207398,8.411896,-0.6994324,726,1035,97.28589
497,16.566666666666666,0.10153808,-0.0010804444,5.817703,-0.061904904,729,1028,97.28589
498,16.6,0.102518655,-0.005428854,5.873886,-0.3110504,732,1022,97.28589
499,16.633333333333333,0.11988486,-0.014144583,6.8688965,-0.81042486,733,1017,97.28589
500,16.666666666666668,0.113945484,-0.0052917013,6.528595,-0.30319214,737,1011,97.28589
501,16.7,0.106124304,0.0025414547,6.0804744,0.14561462,740,1004,97.28589
502,16.733333333333334,0.11591622,0.0041539986,6.64151,0.23800658,741,997,97.28589
503,16.766666666666666,0.117612116,-0.0030959249,6.7386775,-0.17738342,743,991,97.28589
504,16.8,0.124241255,0.012072642,7.1184993,0.6917114,743,984,97.28589
505,16.833333333333332,0.15368703,0.021611286,8.805617,1.2382355,748,977,97.28589
506,16.866666666666667,0.12474487,0.014433535,7.147354,0.8269806,748,969,97.28589
507,16.9,0.1316374,0.021646706,7.542267,1.2402649,748,961,97.28589
508,16.933333333333334,0.12978595,0.020813936,7.4361873,1.1925507,748,953,97.28589
509,16.966666666666665,0.13415302,0.022575084,7.686402,1.2934569,748,945,97.28589
510,17.0,0.12768152,0.016822124,7.315612,0.96383667,752,938,97.28589
511,17.033333333333335,0.1353083,0.015342471,7.752594,0.8790588,751,931,97.28589
512,17.066666666666666,0.082133226,0.033607498,4.705887,1.9255676,756,922,97.28589
513,17.1,0.09495182,0.020708209,5.4403386,1.1864929,759,915,97.28589
514,17.133333333333333,0.13121049,0.0024743432,7.517807,0.14176941,759,910,97.28589
515,17.166666666666668,0.11990084,-0.0117197735,6.8698115,-0.67149353,763,902,97.28589
516,17.2,0.14220002,0.00661476,8.147461,0.3789978,762,897,97.28589
517,17.233333333333334,0.13631444,0.005904228,7.8102417,0.33828732,761,892,97.28589
518,17.266666666666666,0.12752974,0.0023678166,7.3069153,0.1356659,761,888,97.28589
519,17.3,0.13983807,-0.0037926077,8.012131,-0.2173004,759,885,97.28589
520,17.333333333333332,0.12155121,-0.026256373,6.9643707,-1.5043793,764,877,97.28589
521,17.366666666666667,0.134014,-0.0019960394,7.678436,-0.11436463,763,873,97.28589
522,17.4,0.15154585,0.00091612746,8.682938,0.052490234,761,870,97.28589
523,17.433333333333334,0.11158379,-0.007492804,6.39328,-0.42930603,762,867,97.28589
524,17.466666666666665,0.10251732,0.008455803,5.8738093,0.48448178,764,863,97.28589
525,17.5,0.11614845,0.019788353,6.6548157,1.1337891,769,854,97.28589
526,17.533333333333335,0.13516821,0.0017419737,7.7445674,0.09980773,768,851,97.28589
527,17.566666666666666,0.13792007,-0.0030642333,7.9022374,-0.17556763,767,848,97.28589
528,17.6,0.15389396,0.019884227,8.817474,1.1392822,764,843,97.28589
529,17.633333333333333,0.14973918,0.028863074,8.579422,1.6537323,762,837,97.28589
530,17.666666666666668,0.16369493,0.02837252,9.379028,1.6256256,766,828,100.95301
531,17.7,0.11392044,0.014522217,6.52716,0.8320617,767,823,100.95301
532,17.733333333333334,0.11595643,0.030520892,6.643814,1.7487181,768,817,97.21923
533,17.766666666666666,0.1409952,0.022400115,8.07843,1.283432,766,812,97.21923
534,17.8,0.1623258,-0.01443167,9.300583,-0.8268738,763,812,97.28589
535,17.833333333333332,0.15417093,-0.015404523,8.8333435,-0.88261414,767,802,97.28589
536,17.866666666666667,0.14772235,-0.008043013,8.463866,-0.46083066,765,802,97.28589
537,17.9,0.15768364,-0.009645437,9.034607,-0.5526428,762,801,97.28589
538,17.933333333333334,0.13716452,-0.015760055,7.8589478,-0.90298456,761,801,97.21923
539,17.966666666666665,0.1635607,-0.020273315,9.371338,-1.1615753,758,802,97.21923
540,18.0,0.1372476,0.019063974,7.863708,1.0922852,762,792,97.21923
541,18.03333333333333,0.15457414,0.022172147,8.856445,1.2703704,759,788,97.21923
542,18.066666666666663,0.13326032,0.021324197,7.635254,1.2217864,759,783,97.21923
543,18.1,0.14385757,0.026594326,8.242431,1.5237426,757,779,97.21923
544,18.133333333333333,0.12198396,0.033501234,6.989166,1.9194793,758,773,97.21923
545,18.166666666666668,0.18269765,0.021371335,10.467804,1.2244872,762,764,97.21923
546,18.2,0.09107718,0.045839928,5.2183375,2.6264343,765,756,97.21923
547,18.23333333333333,0.11604432,0.026947996,6.6488495,1.5440063,766,752,101.02766
548,18.266666666666666,0.10792007,0.027274232,6.1833644,1.5626984,767,748,97.21923
549,18.3,0.11330685,0.038164698,6.492004,2.186676,768,743,97.21923
550,18.33333333333333,0.09942859,0.041318677,5.696838,2.3673856,772,732,97.21923
551,18.366666666666667,0.12903175,0.025293106,7.3929744,1.4491881,772,729,97.21923
552,18.4,0.15747964,0.0067183566,9.022919,0.38493347,768,728,101.02766
553,18.433333333333334,0.15554513,0.015653796,8.912079,0.8968964,765,726,97.21923
554,18.466666666666665,0.16587126,0.02240757,9.503723,1.2838591,762,723,97.21923
555,18.5,0.17147481,0.02185976,9.824782,1.2524719,766,712,97.21923
556,18.53333333333333,0.16675916,0.027337883,9.554596,1.5663452,762,709,97.21923
557,18.566666666666663,0.17178161,0.013847906,9.8423605,0.7934265,758,708,97.21923
558,18.6,0.15511289,0.020851221,8.887314,1.1946869,755,705,97.21923
559,18.633333333333333,0.16096465,0.022328475,9.222595,1.2793274,752,703,97.21923
560,18.666666666666668,0.1554583,0.031777903,8.9071045,1.8207396,756,692,97.21923
561,18.7,0.1435609,0.017671939,8.225433,1.0125275,754,691,97.21923
562,18.73333333333333,0.13067892,0.016937172,7.4873505,0.9704284,754,689,97.21923
563,18.766666666666666,0.13546382,0.016535034,7.7615047,0.94738764,753,688,97.21923
564,18.8,0.12936252,0.028253743,7.4119263,1.6188202,753,685,97.21923
565,18.83333333333333,0.13316604,0.018810973,7.629852,1.0777893,757,674,97.21923
566,18.866666666666667,0.13936909,0.02520762,7.98526,1.4442902,756,672,97.21923
567,18.9,0.12958144,0.023684558,7.424469,1.3570251,756,670,97.21923
568,18.933333333333334,0.12871538,0.044400755,7.374848,2.5439758,755,666,97.21923
569,18.966666666666665,0.12437416,0.047186952,7.126114,2.703613,756,661,97.21923
570,19.0,0.1744786,0.04354961,9.996887,2.4952087,759,650,97.21923
571,19.03333333333333,0.16375192,0.014265756,9.382293,0.81736755,756,650,97.21923
572,19.066666666666663,0.16064294,0.021761488,9.204162,1.2468413,753,649,97.21923
573,19.1,0.10273197,0.042537607,5.886108,2.4372253,755,645,97.21923
574,19.133333333333333,0.14103729,0.017098026,8.080841,0.9796447,754,645,97.21923
575,19.166666666666668,0.13928199,0.023517577,7.9802694,1.3474579,757,633,97.21923
576,19.2,0.15153733,0.02475222,8.682449,1.4181976,756,632,93.81139
577,19.23333333333333,0.10848653,0.014386663,6.2158203,0.82429504,758,632,93.81139
578,19.266666666666666,0.09934071,0.01602797,5.691803,0.918335,761,632,93.81139
579,19.3,0.11448823,0.012043081,6.559692,0.6900177,762,633,93.81139
580,19.33333333333333,0.12356482,0.01902296,7.079742,1.0899353,766,621,93.81139
581,19.366666666666667,0.1302467,0.024772458,7.462586,1.4193572,766,621,93.81139
582,19.4,0.09104256,0.016627712,5.2163544,0.9526977,769,621,97.28589
583,19.433333333333334,0.08834957,-0.0034093792,5.0620575,-0.19534303,772,623,100.95301
584,19.466666666666665,0.06259121,0.023977773,3.586212,1.3738252,777,622,100.95301
585,19.5,0.0634373,0.019152656,3.6346893,1.0973663,781,611,100.95301
586,19.53333333333333,0.0923808,0.018799787,5.29303,1.0771484,784,611,97.28589
587,19.566666666666663,0.07486306,0.007000918,4.289337,0.40112305,788,612,97.28589
588,19.6,0.11985503,0.04500769,6.867187,2.5787506,788,609,97.28589
589,19.633333333333333,0.119324274,0.03648664,6.8367767,2.0905304,788,607,97.28589
590,19.666666666666668,0.10327872,0.0131251225,5.917434,0.7520141,792,596,93.81139
591,19.7,0.10109892,0.005571866,5.792541,0.31924438,794,598,93.81139
592,19.73333333333333,0.110886306,0.033354763,6.353317,1.911087,795,597,93.81139
593,19.766666666666666,0.10902289,0.042105112,6.2465515,2.412445,796,594,93.81139
594,19.8,0.09206042,0.048246894,5.274673,2.7643433,799,591,93.81139
595,19.83333333333333,0.09597394,0.016194416,5.4989014,0.92787164,803,580,93.81139
596,19.866666666666667,0.11726618,0.005259477,6.718857,0.30134583,803,582,93.81139
597,19.9,0.13375328,-0.11351219,7.6634984,-6.503769,802,599,93.81139
598,19.933333333333334,0.13708302,-0.14884008,7.854278,-8.527908,801,618,93.81139
599,19.966666666666665,0.07754193,-0.2638013,4.4428253,-15.1147,805,636,93.81139
600,20.0,0.12966745,-0.17308018,7.429397,-9.916763,809,625,93.81139
601,20.03333333333333,0.12965573,-0.13065602,7.4287257,-7.486038,808,644,93.81139
602,20.066666666666663,0.12182098,-0.043799415,6.9798274,-2.5095215,807,651,97.28589
603,20.1,0.10426303,-0.013407152,5.973831,-0.7681732,808,654,97.28589
604,20.133333333333333,0.12209715,0.05588297,6.995651,3.2018583,808,649,97.28589
605,20.166666666666668,0.14536598,0.054236077,8.328856,3.1074982,812,639,97.28589
606,20.2,0.133418,0.045299836,7.6442876,2.5954893,810,635,97.28589
607,20.23333333333333,0.12125106,0.034492463,6.9471736,1.9762725,809,633,97.28589
608,20.266666666666666,0.11966755,0.03918602,6.8564453,2.2451935,809,630,97.28589
609,20.3,0.11091267,0.025992187,6.354828,1.4892426,809,629,97.28589
610,20.33333333333333,0.06950372,0.0249951,3.9822695,1.4321136,813,619,97.28589
611,20.366666666666667,0.084496245,0.020610737,4.841278,1.1809082,816,618,97.28589
612,20.4,0.08422247,0.04108059,4.825592,2.3537443,819,615,97.28589
613,20.433333333333334,0.09979504,0.051644024,5.7178345,2.9589844,820,611,97.28589
614,20.466666666666665,0.082266115,0.0060086246,4.713501,0.3442688,823,613,97.28589
615,20.5,0.06347911,8.042747e-05,3.637085,0.0046081543,827,603,97.28589
616,20.53333333333333,0.090678774,-0.0064049023,5.195511,-0.36697385,829,606,97.28589
617,20.566666666666663,0.09543304,0.007318101,5.4679103,0.41929626,830,608,97.28589
618,20.6,0.0701173,0.020734575,4.017425,1.1880035,834,607,97.28589
619,20.633333333333333,0.042533346,0.024341026,2.436981,1.394638,840,607,97.28589
620,20.666666666666668,0.023934096,0.02399242,1.3713226,1.3746643,844,597,93.81139
621,20.7,0.05062776,0.010518155,2.9007568,0.6026459,850,598,93.81139
622,20.73333333333333,0.028257206,0.005901299,1.6190186,0.3381195,857,600,93.81139
623,20.766666666666666,0.052724734,0.013501162,3.0209045,0.7735596,862,601,93.81139
624,20.8,0.12214056,0.029378131,6.998138,1.6832428,860,600,93.751625
625,20.83333333333333,0.1420461,0.028212998,8.138641,1.6164856,865,590,93.751625
626,20.866666666666667,0.11641557,0.009287775,6.6701202,0.53215027,864,592,97.28589
627,20.9,0.124822095,0.0046205847,7.1517787,0.26474,862,595,97.28589
628,20.933333333333334,0.13573653,-0.012215388,7.7771297,-0.69989014,859,599,97.28589
629,20.966666666666665,0.14959615,-0.020002471,8.571228,-1.1460571,854,604,97.28589
630,21.0,0.16362515,-0.023587618,9.3750305,-1.3514708,859,594,97.28589
631,21.03333333333333,0.13753124,-0.01939447,7.879959,-1.1112212,856,600,97.28589
632,21.066666666666663,0.13899837,-0.01773985,7.96402,-1.0164185,853,604,97.28589
633,21.1,0.08616551,-0.014047642,4.9369197,-0.80487055,854,609,97.21923
634,21.133333333333333,0.14031823,-0.020224046,8.039642,-1.1587524,851,614,97.21923
635,21.166666666666668,0.13947295,-0.025722409,7.991211,-1.4737854,855,604,97.21923
636,21.2,0.14415798,0.0039955406,8.259644,0.2289276,852,607,97.21923
637,21.23333333333333,0.15513286,0.0013662017,8.888457,0.07827759,847,609,97.21923
638,21.266666666666666,0.14534362,0.0072254227,8.327576,0.4139862,843,610,97.21923
639,21.3,0.1554402,-0.0027984497,8.906067,-0.16033936,839,613,97.21923
640,21.33333333333333,0.17970799,-0.028287563,10.296509,-1.6207579,843,604,97.21923
641,21.366666666666667,0.1558205,-0.03375317,8.927856,-1.9339142,839,611,93.81139
642,21.4,0.13414076,0.011964251,7.685699,0.68550104,837,612,93.81139
643,21.433333333333334,0.16737755,-0.031222902,9.590027,-1.7889404,832,618,93.81139
644,21.466666666666665,0.13321559,0.021386249,7.632691,1.2253418,830,618,93.81139
645,21.5,0.15626124,-0.0023379892,8.953109,-0.13395691,834,609,93.81139
646,21.53333333333333,0.109288946,0.014287061,6.261795,0.81858826,834,610,93.81139
647,21.566666666666663,0.15137674,-0.008619055,8.673247,-0.49383545,831,613,93.81139
648,21.6,0.14489888,-0.014583738,8.3020935,-0.83558655,828,617,93.81139
649,21.633333333333333,0.15770389,0.013324062,9.035767,0.7634125,824,618,93.81139
650,21.666666666666668,0.16862977,0.008966864,9.661774,0.5137634,828,610,93.81139
651,21.7,0.15803519,0.008354603,9.054749,0.47868347,824,611,93.81139
652,21.73333333333333,0.12921126,0.010621485,7.4032598,0.6085662,823,612,93.81139
653,21.766666666666666,0.12983683,0.023889353,7.4391017,1.368759,822,612,93.81139
654,21.8,0.18962505,0.038206775,10.864715,2.189087,815,610,97.28589
655,21.83333333333333,0.18184704,0.04404682,10.419067,2.5236967,818,601,97.28589
656,21.866666666666667,0.17440909,0.041684862,9.992905,2.3883665,812,599,97.28589
657,21.9,0.17975698,0.025456624,10.299316,1.458557,806,599,97.28589
658,21.933333333333334,0.17004204,0.012987971,9.742691,0.7441559,801,600,97.28589
659,21.966666666666665,0.17142235,0.0061319284,9.821776,0.3513336,796,602,97.28589
660,22.0,0.19462009,-0.0030423952,11.150909,-0.17431639,799,593,97.28589
661,22.03333333333333,0.18324386,-0.013158146,10.499099,-0.7539062,792,598,97.28589
662,22.066666666666663,0.18509981,0.0040780986,10.605437,0.23365782,786,600,97.28589
663,22.1,0.1776078,0.0011875036,10.176177,0.06803894,781,602,97.28589
664,22.133333333333333,0.18258819,0.022606775,10.461532,1.2952727,775,602,97.28589
665,22.166666666666668,0.18474987,0.021818746,10.585387,1.250122,778,594,97.28589
666,22.2,0.18882371,0.021735124,10.818801,1.2453308,771,594,97.28589
667,22.23333333333333,0.18529344,0.005657353,10.616531,0.32414243,765,597,97.28589
668,22.266666666666666,0.19662811,-0.0028799425,11.26596,-0.16500854,759,600,97.28589
669,22.3,0.18011333,-0.015111309,10.319733,-0.86581415,754,604,97.28589
670,22.33333333333333,0.18859069,-0.020059995,10.80545,-1.149353,756,596,97.28589
671,22.366666666666667,0.17097068,-0.033552367,9.7958975,-1.9224089,752,603,97.28589
672,22.4,0.1852053,-0.03791702,10.611482,-2.172485,747,610,93.81139
673,22.433333333333334,0.17051315,-0.017707892,9.769684,-1.0145874,744,614,93.81139
674,22.466666666666665,0.17762646,0.007272827,10.177246,0.41670227,740,616,93.81139
675,22.5,0.20569299,-0.012682506,11.785339,-0.726654,742,608,93.81139
676,22.53333333333333,0.19988729,-0.00032117724,11.452698,-0.0184021,736,611,93.751625
677,22.566666666666663,0.120574094,-0.058361314,6.908386,-3.3438568,737,620,93.751625
678,22.6,0.15053572,-0.061692927,8.625061,-3.5347443,735,630,97.28589
679,22.633333333333333,0.17686266,-0.031796545,10.133483,-1.8218077,732,636,97.28589
680,22.666666666666668,0.19140139,-0.013051087,10.966492,-0.74777216,733,629,97.28589
681,22.7,0.17856257,-0.031533692,10.230881,-1.8067473,728,635,97.28589
682,22.73333333333333,0.16585343,-0.017621871,9.502701,-1.0096588,725,639,97.28589
683,22.766666666666666,0.15924558,-0.012960274,9.124099,-0.74256897,723,642,97.28589
684,22.8,0.169768,-0.053415023,9.72699,-3.060455,720,650,97.28589
685,22.83333333333333,0.15577868,-0.034024544,8.92546,-1.9494627,721,644,97.28589
686,22.866666666666667,0.15074664,-0.030064158,8.637146,-1.7225493,719,649,97.28589
687,22.9,0.15455204,-0.043590356,8.855179,-2.4975433,718,656,97.28589
688,22.933333333333334,0.13569206,-0.043873984,7.774582,-2.513794,718,663,93.81139
689,22.966666666666665,0.16626488,-0.018906048,9.526276,-1.0832367,716,666,97.28589
690,23.0,0.08308104,-0.04161003,4.7601924,-2.384079,716,660,97.28589
691,23.03333333333333,0.09403569,-0.054082945,5.387848,-3.0987244,721,669,97.28589
692,23.066666666666663,0.13700633,-0.065597124,7.849884,-3.758438,721,678,97.28589
693,23.1,0.15499465,-0.055978313,8.880539,-3.207321,719,686,97.28589
694,23.133333333333333,0.16065013,-0.08342459,9.204575,-4.7798767,717,696,97.28589
695,23.166666666666668,0.16038036,-0.04359222,9.189117,-2.49765,717,691,97.28589
696,23.2,0.1306033,-0.019044265,7.4830174,-1.091156,718,694,97.28589
697,23.23333333333333,0.13794322,-0.075351216,7.903564,-4.3173065,718,704,97.21923
698,23.266666666666666,0.12969221,-0.06525783,7.430816,-3.7389982,719,712,97.21923
699,23.3,0.1363685,-0.050750796,7.8133388,-2.9078062,718,719,100.95301
700,23.33333333333333,0.17055576,-0.047224242,9.772124,-2.7057495,719,714,97.28589
701,23.366666666666667,0.124620765,-0.08446162,7.1402435,-4.8392944,720,725,97.28589
702,23.4,0.13242196,-0.060392506,7.5872188,-3.4602356,721,733,93.751625
703,23.433333333333334,0.14767309,0.0025584989,8.461044,0.14659119,720,732,93.751625
704,23.466666666666665,0.16306962,-0.0033702303,9.343201,-0.19309996,719,732,93.751625
705,23.5,0.13304567,-0.0017496968,7.6229553,-0.10025024,719,728,93.751625
706,23.53333333333333,0.16317987,-0.010206565,9.349518,-0.5847931,717,729,93.751625
707,23.566666666666663,0.15349555,0.0017925737,8.794646,0.1027069,716,729,93.751625
708,23.6,0.16160141,-0.044140298,9.259078,-2.5290527,715,733,93.751625
709,23.633333333333333,0.12522396,-0.082192615,7.174804,-4.7092896,716,743,97.28589
710,23.666666666666668,0.11551594,-0.08670667,6.6185756,-4.967926,716,739,93.751625
711,23.7,0.120420426,-0.0776679,6.899582,-4.4500427,718,749,93.751625
712,23.73333333333333,0.07591021,-0.088243045,4.3493342,-5.055954,724,759,97.28589
713,23.766666666666666,0.08967849,-0.066747606,5.138199,-3.8243558,728,767,97.28589
714,23.8,0.10069119,-0.0745797,5.76918,-4.273102,731,775,97.28589
715,23.83333333333333,0.112183265,-0.079206675,6.427627,-4.538208,732,772,97.28589
716,23.866666666666667,0.09766957,-0.25124156,5.596054,-14.395081,736,788,97.28589
717,23.9,0.1411305,-0.3882673,8.086182,-22.246077,735,802,97.28589
718,23.933333333333334,0.17915033,-0.37334087,10.264557,-21.390856,731,816,97.28589
719,23.966666666666665,0.21974994,-0.2801571,12.590744,-16.051819,723,830,97.21923
720,24.0,0.15187155,-0.18568571,8.701598,-10.639007,724,828,97.28589
721,24.03333333333333,0.12014532,-0.14017256,6.8838196,-8.031296,725,843,97.28589
722,24.066666666666663,0.08259528,-0.08921723,4.732361,-5.1117706,730,851,97.28589
723,24.1,0.039854474,-0.05405711,2.283493,-3.097244,739,855,97.28589
724,24.133333333333333,0.05112497,-0.07313227,2.929245,-4.1901703,746,862,97.28589
725,24.166666666666668,0.047359794,-0.057714965,2.7135162,-3.3068237,747,861,97.28589
726,24.2,0.082052,-0.07892784,4.701233,-4.5222316,752,868,97.28589
727,24.23333333333333,0.07078283,-0.06683443,4.0555573,-3.8293304,757,874,97.28589
728,24.266666666666666,0.061892662,-0.071054205,3.546188,-4.071106,763,879,97.28589
729,24.3,0.05055612,-0.055146344,2.8966522,-3.1596527,770,883,97.28589
730,24.33333333333333,0.10321081,-0.09106174,5.913543,-5.217453,772,883,97.28589
731,24.366666666666667,0.081680216,-0.082060784,4.679931,-4.7017365,776,890,97.28589
732,24.4,0.06714202,-0.06607036,3.846954,-3.7855527,781,894,97.28589
733,24.433333333333334,0.057945594,-0.08534979,3.3200378,-4.8901825,787,901,97.28589
734,24.466666666666665,0.07069121,-0.07620103,4.0503078,-4.3659973,791,907,97.28589
735,24.5,0.06165325,-0.07990789,3.5324707,-4.5783844,793,907,97.28589
736,24.53333333333333,0.05525367,-0.08503181,3.165802,-4.8719635,799,914,97.28589
737,24.566666666666663,0.05000564,-0.08162163,2.865112,-4.6765747,806,920,93.81139
738,24.6,0.060293972,-0.07402363,3.45459,-4.241241,811,925,93.81139
739,24.633333333333333,0.051781707,-0.070837155,2.9668732,-4.0586696,817,929,93.81139
740,24.666666666666668,0.13324408,-0.11460861,7.634323,-6.5665894,819,930,93.81139
741,24.7,0.12891644,-0.076758966,7.386368,-4.3979645,818,935,93.81139
742,24.73333333333333,0.12723705,-0.07161719,7.290146,-4.1033626,817,939,93.81139
743,24.766666666666666,0.07691103,-0.06983901,4.4066772,-4.00148,821,943,97.21923
744,24.8,0.13213435,-0.112673014,7.57074,-6.455688,819,951,97.28589
745,24.83333333333333,0.15862747,-0.097377956,9.088684,-5.5793457,822,953,97.28589
746,24.866666666666667,0.10414931,-0.069389194,5.9673157,-3.9757078,822,956,97.28589
747,24.9,0.11109457,-0.07844075,6.3652496,-4.4943237,823,961,97.28589
748,24.933333333333334,0.1119039,-0.062847674,6.4116206,-3.6009064,823,963,97.28589
749,24.966666666666665,0.12463062,-0.06704695,7.140808,-3.841507,821,966,97.28589
750,25.0,0.09969544,-0.051413395,5.712127,-2.9457703,824,968,97.28589
751,25.03333333333333,0.0955172,-0.13277909,5.4727325,-7.6076813,826,979,97.28589
752,25.066666666666663,0.113650404,-0.104644924,6.511688,-5.9957123,825,986,97.28589
753,25.1,0.11094942,-0.10044405,6.356933,-5.7550197,825,993,97.28589
754,25.133333333333333,0.10354797,-0.12189822,5.9328613,-6.984253,826,1002,97.28589
755,25.166666666666668,0.12132484,-0.09454222,6.9514008,-5.41687,829,1004,97.28589
756,25.2,0.10186911,-0.115492515,5.8366694,-6.6172333,830,1013,97.28589
757,25.23333333333333,0.10796509,-0.10466782,6.1859436,-5.997024,830,1019,97.28589
758,25.266666666666666,0.124970436,-0.10743432,7.1602783,-6.155533,829,1026,97.28589
759,25.3,0.11463364,-0.08569813,6.5680237,-4.910141,828,1029,97.28589
760,25.33333333333333,0.10545239,-0.10312133,6.0419765,-5.9084167,831,1033,97.28589
761,25.366666666666667,0.09697449,-0.100177735,5.5562286,-5.739761,832,1038,97.28589
762,25.4,0.101930894,-0.070232086,5.8402095,-4.024002,833,1040,97.28589
763,25.433333333333334,0.13435861,-0.11562167,7.698181,-6.6246333,831,1047,97.28589
764,25.466666666666665,0.11351192,-0.10464892,6.5037537,-5.995941,830,1053,97.28589
765,25.5,0.12345563,-0.09776358,7.0734863,-5.6014404,833,1056,97.28589
766,25.53333333333333,0.099126056,-0.07714459,5.6795044,-4.420059,834,1058,93.751625
767,25.566666666666663,0.08077288,-0.09346444,4.6279445,-5.355118,837,1062,93.751625
768,25.6,0.13607182,-0.08861456,7.7963405,-5.07724,835,1065,93.751625
769,25.633333333333333,0.18717389,-0.09023376,10.724274,-5.1700134,829,1068,93.751625
770,25.666666666666668,0.1822987,-0.09106493,10.444946,-5.2176356,831,1071,93.751625
771,25.7,0.18410805,-0.09465701,10.548614,-5.423447,825,1074,93.751625
772,25.73333333333333,0.1660806,-0.078831434,9.515717,-4.5167084,820,1076,93.81139
773,25.766666666666666,0.18632862,-0.11475428,10.675843,-6.574936,814,1081,93.81139
774,25.8,0.09616036,-0.09721257,5.5095825,-5.5698695,816,1084,93.81139
775,25.83333333333333,0.13513999,-0.10519913,7.7429504,-6.027466,818,1089,97.28589
776,25.866666666666667,0.11108632,-0.12157944,6.3647766,-6.965988,818,1096,97.28589
777,25.9,0.07725857,-0.1122107,4.42659,-6.429199,822,1102,97.28589
778,25.933333333333334,0.062195465,-0.105266504,3.5635374,-6.0313263,826,1107,97.28589
779,25.966666666666665,0.07785272,-0.11478145,4.460632,-6.5764923,829,1113,97.28589
780,26.0,0.084756166,-0.1476747,4.85617,-8.461136,832,1117,97.28589
781,26.03333333333333,0.1350814,-0.13293275,7.7395935,-7.616485,829,1125,97.28589
782,26.066666666666663,0.104963705,-0.14788987,6.013977,-8.473465,830,1132,97.28589
783,26.1,0.113527626,-0.13863859,6.5046535,-7.9434056,829,1139,97.28589
784,26.133333333333333,0.11533805,-0.12903522,6.608383,-7.393173,829,1145,97.28589
785,26.166666666666668,0.1922978,-0.11801586,11.017852,-6.7618103,831,1151,97.28589
786,26.2,0.13042165,-0.112875156,7.47261,-6.46727,829,1155,97.28589
787,26.23333333333333,0.13075802,-0.09836572,7.4918823,-5.63594,828,1157,97.28589
788,26.266666666666666,0.10477063,-0.1225427,6.0029144,-7.021179,828,1163,97.28589
789,26.3,0.11111987,-0.11614632,6.366699,-6.6546936,828,1168,97.28589
790,26.33333333333333,0.1297982,-0.11778576,7.4368887,-6.7486267,830,1173,97.28589
791,26.366666666666667,0.1169956,-0.13453251,6.703354,-7.7081447,830,1179,97.28589
792,26.4,0.10862076,-0.13070875,6.2235107,-7.4890594,830,1185,97.28589
793,26.433333333333334,0.119229995,-0.13093325,6.831375,-7.5019226,829,1191,97.28589
794,26.466666666666665,0.12087529,-0.13090582,6.9256434,-7.5003505,828,1196,97.28589
795,26.5,0.13302383,-0.12789352,7.6217036,-7.327759,830,1203,97.28589
796,26.53333333333333,0.12511344,-0.12628071,7.168472,-7.2353516,829,1207,93.81139
797,26.566666666666663,0.079710275,-0.11438091,4.567062,-6.553543,833,1210,93.81139
798,26.6,0.08750029,-0.11338302,5.013397,-6.496368,835,1213,93.81139
799,26.633333333333333,0.14105113,-0.11696258,8.081634,-6.701462,832,1216,97.28589
800,26.666666666666668,0.14101812,-0.12840565,8.079742,-7.357101,834,1223,97.28589
801,26.7,0.11561901,-0.12654516,6.624481,-7.250503,834,1228,97.28589
802,26.73333333333333,0.12884879,-0.12962458,7.3824916,-7.426941,832,1233,97.28589
803,26.766666666666666,0.109955266,-0.1713081,6.2999725,-9.81523,832,1237,97.28589
804,26.8,0.09750525,-0.3024017,5.586639,-17.32634,833,1241,97.28589
805,26.83333333333333,0.14554602,-0.3493029,8.339172,-20.01358,835,1248,97.28589
806,26.866666666666667,0.22778605,-0.4471727,13.051179,-25.621107,824,1253,97.28589
807,26.9,0.28684616,-0.34534276,16.435074,-19.786682,807,1257,97.28589
808,26.933333333333334,0.14751196,-0.26403192,8.451812,-15.127913,804,1261,97.28589
809,26.966666666666665,0.1229182,-0.343992,7.042694,-19.709288,803,1265,97.28589
810,27.0,0.11310046,-0.2499723,6.480179,-14.322357,805,1272,97.28589
811,27.03333333333333,0.123184785,-0.1747553,7.057968,-10.012741,804,1276,97.28589
812,27.066666666666663,0.1274565,-0.16686489,7.302719,-9.560654,803,1280,97.28589
813,27.1,0.14141919,-0.1454901,8.102722,-8.335968,801,1283,97.28589
814,27.133333333333333,0.17492016,-0.15903413,10.022186,-9.111984,796,1287,97.28589
815,27.166666666666668,0.18597014,-0.18300392,10.655304,-10.485352,797,1294,93.751625
816,27.2,0.085106105,-0.12726821,4.87622,-7.2919307,801,1297,93.751625
817,27.23333333333333,0.11437931,-0.168344,6.5534515,-9.6454,801,1301,93.751625
818,27.266666666666666,0.10578023,-0.15807539,6.0607605,-9.057053,803,1304,93.751625
819,27.3,0.1053701,-0.13141128,6.0372615,-7.5293117,804,1307,97.28589
820,27.33333333333333,0.12915426,-0.13432266,7.399994,-7.696121,805,1315,97.28589
821,27.366666666666667,0.13669793,-0.14216007,7.8322144,-8.145172,803,1317,97.28589
822,27.4,0.13217323,-0.1329996,7.5729675,-7.620315,802,1320,97.28589
823,27.433333333333334,0.18422896,-0.14063808,10.555541,-8.057968,796,1323,97.28589
824,27.466666666666665,0.14476545,-0.15926157,8.294449,-9.125015,793,1325,97.28589
825,27.5,0.1398378,-0.15043691,8.0121155,-8.619399,795,1334,97.28589
826,27.53333333333333,0.14785072,-0.14959642,8.471222,-8.571243,792,1336,97.28589
827,27.566666666666663,0.117772445,-0.15540797,6.747864,-8.90422,792,1338,97.28589
828,27.6,0.08199581,-0.14172918,4.6980133,-8.120483,795,1341,97.28589
829,27.633333333333333,0.14143036,-0.13862021,8.103362,-7.942353,793,1343,97.28589
830,27.666666666666668,0.12749165,-0.136487,7.3047333,-7.820129,794,1351,97.28589
831,27.7,0.14050199,-0.14080691,8.050171,-8.067641,792,1353,97.28589
832,27.73333333333333,0.14087057,-0.13300467,8.071289,-7.6206055,791,1355,93.751625
833,27.766666666666666,0.14487118,-0.13375886,8.300507,-7.6638174,789,1356,93.751625
834,27.8,0.13712618,-0.13990065,7.856751,-8.015717,788,1358,93.751625
835,27.83333333333333,0.16214603,-0.13817918,9.290283,-7.9170837,789,1367,93.751625
836,27.866666666666667,0.12989703,-0.1307708,7.442551,-7.4926147,788,1368,97.28589
837,27.9,0.122854285,-0.14466771,7.0390315,-8.288849,788,1370,93.751625
838,27.933333333333334,0.123706765,-0.14813381,7.0878754,-8.487442,788,1372,93.751625
839,27.966666666666665,0.1137745,-0.14619316,6.5187984,-8.37625,789,1373,93.751625
840,28.0,0.11217501,-0.15062387,6.427154,-8.630112,790,1382,93.751625
841,28.03333333333333,0.10240387,-0.14111239,5.8673096,-8.085144,792,1383,93.751625
842,28.066666666666663,0.11509491,-0.14132251,6.594452,-8.097183,793,1384,93.751625
843,28.1,0.06620805,-0.1354766,3.7934415,-7.762237,798,1386,93.751625
844,28.133333333333333,0.06789517,-0.1320635,3.8901062,-7.5666804,803,1387,93.751625
845,28.166666666666668,0.064047165,-0.13623853,3.669632,-7.8058925,804,1396,93.81139
846,28.2,0.08493593,-0.14332707,4.8664703,-8.212036,807,1397,93.81139
847,28.23333333333333,0.07176447,-0.13861328,4.111801,-7.9419556,812,1397,93.81139
848,28.266666666666666,0.037794784,-0.12793161,2.1654816,-7.329941,819,1398,93.81139
849,28.3,0.058872372,-0.138474,3.3731382,-7.9339757,824,1399,93.81139
850,28.33333333333333,0.07612087,-0.12528975,4.3614044,-7.1785736,826,1408,93.81139
851,28.366666666666667,0.06821261,-0.14690237,3.9082947,-8.416885,830,1409,93.81139
852,28.4,0.15471555,-0.17321068,8.864548,-9.92424,826,1410,97.28589
853,28.433333333333334,0.15397705,-0.1642691,8.822235,-9.411926,822,1410,97.28589
854,28.466666666666665,0.14263998,-0.17532709,8.172668,-10.045502,819,1411,97.28589
855,28.5,0.15396507,-0.16504675,8.821548,-9.456482,821,1420,97.21923
856,28.53333333333333,0.1872799,-0.16501106,10.730347,-9.454437,814,1420,97.21923
857,28.566666666666663,0.15223348,-0.17714363,8.722336,-10.149582,810,1421,93.751625
858,28.6,0.15941204,-0.18368381,9.133636,-10.524306,807,1421,93.751625
859,28.633333333333333,0.23363008,-0.18218979,13.386017,-10.438705,797,1422,93.751625
860,28.666666666666668,0.15979713,-0.16133882,9.155701,-9.244033,798,1431,93.751625
861,28.7,0.19256414,-0.1795205,11.033113,-10.285767,791,1431,97.28589
862,28.73333333333333,0.17391855,-0.1725028,9.964798,-9.883682,786,1431,97.28589
863,28.766666666666666,0.15139645,-0.14048308,8.674377,-8.049088,783,1431,97.28589
864,28.8,0.17496969,-0.16150795,10.025024,-9.253723,778,1431,97.28589
865,28.83333333333333,0.23195441,-0.15453686,13.290008,-8.854309,779,1440,97.28589
866,28.866666666666667,0.18884477,-0.13860263,10.820007,-7.941345,772,1440,97.28589
867,28.9,0.18821625,-0.14069614,10.783997,-8.061295,766,1440,97.28589
868,28.933333333333334,0.20068464,-0.15249793,11.498382,-8.737488,759,1440,97.28589
869,28.966666666666665,0.20363916,-0.15137593,11.667664,-8.673202,753,1440,97.28589
870,29.0,0.21315515,-0.15438959,12.21289,-8.845871,753,1449,97.28589
871,29.03333333333333,0.15956703,-0.15537708,9.142517,-8.902451,750,1449,97.28589
872,29.066666666666663,0.18349235,-0.15239461,10.513336,-8.731567,745,1449,97.28589
873,29.1,0.14493243,-0.19266586,8.304016,-11.03894,743,1449,97.28589
874,29.133333333333333,0.16890007,-0.17836149,9.67726,-10.21936,740,1448,97.28589
875,29.166666666666668,0.18826018,-0.19535431,10.786513,-11.192977,740,1457,97.28589
876,29.2,0.16695037,-0.1772997,9.565552,-10.158524,736,1457,97.28589
877,29.23333333333333,0.19151217,-0.20219812,10.972838,-11.585098,731,1457,97.28589
878,29.266666666666666,0.17508207,-0.18888764,10.031464,-10.822464,727,1456,97.28589
879,29.3,0.15352644,-0.18044141,8.796416,-10.338531,725,1456,97.28589
880,29.33333333333333,0.15254533,-0.14341308,8.740203,-8.216964,725,1465,97.21923
881,29.366666666666667,0.16886838,-0.17352733,9.675445,-9.942383,722,1464,93.751625
882,29.4,0.1292592,-0.19997038,7.4060063,-11.4574585,723,1464,97.28589
883,29.433333333333334,0.18908869,-0.21112077,10.833983,-12.096329,718,1463,97.28589
884,29.466666666666665,0.19017369,-0.2154825,10.896149,-12.346237,713,1463,97.28589
885,29.5,0.19565447,-0.24604467,11.210175,-14.097321,712,1472,97.28589
886,29.53333333333333,0.16111591,-0.20796199,9.231261,-11.915343,710,1471,97.28589
887,29.566666666666663,0.18324386,-0.23775451,10.499099,-13.622329,706,1470,97.21923
888,29.6,0.11300911,-0.1627559,6.4749446,-9.325226,708,1469,97.21923
889,29.633333333333333,0.106778115,-0.16693333,6.117935,-9.564574,711,1469,97.21923
890,29.666666666666668,0.14977299,-0.17224182,8.58136,-9.868729,710,1478,97.21923
891,29.7,0.12042442,-0.18593313,6.899811,-10.653183,712,1477,97.21923
892,29.73333333333333,0.116005704,-0.17770502,6.646637,-10.181747,714,1476,97.21923
893,29.766666666666666,0.15412033,-0.18651661,8.830443,-10.686614,712,1475,100.95301
894,29.8,0.16405872,-0.18082118,9.399872,-10.36029,710,1474,100.95301
895,29.83333333333333,0.10783806,-0.1691584,6.178665,-9.692061,709,1483,97.28589
896,29.866666666666667,0.1501373,-0.19316228,8.602234,-11.067383,708,1482,97.28589
897,29.9,0.14895487,-0.1769026,8.534485,-10.135772,707,1481,97.21923
898,29.933333333333334,0.13946469,-0.16711709,7.990738,-9.575104,707,1480,97.21923
899,29.966666666666665,0.112008564,-0.14395984,6.417618,-8.24829,709,1479,97.21923
900,30.0,0.13143659,-0.14905366,7.5307612,-8.540145,708,1488,97.21923
901,30.03333333333333,0.121082485,-0.14948563,6.937515,-8.564896,710,1487,97.21923
902,30.066666666666663,0.1314286,-0.15783304,7.5303035,-9.043166,711,1486,97.21923
903,30.1,0.12572731,-0.16365045,7.203644,-9.37648,712,1485,97.21923
904,30.133333333333333,0.12848288,-0.17116722,7.3615265,-9.807159,713,1484,97.21923
905,30.166666666666668,0.131431,-0.173114,7.5304413,-9.918701,712,1492,97.21923
906,30.2,0.14062157,-0.17752899,8.057022,-10.171661,712,1491,97.21923
907,30.23333333333333,0.13497967,-0.17298004,7.7337646,-9.911026,712,1490,97.21923
908,30.266666666666666,0.12677099,-0.16443396,7.263442,-9.421371,714,1489,97.21923
909,30.3,0.13238627,-0.16913709,7.585174,-9.690841,714,1488,97.21923
910,30.33333333333333,0.13503346,-0.17160212,7.736847,-9.832076,713,1496,97.21923
911,30.366666666666667,0.059565064,-0.14216034,3.4128265,-8.145187,721,1495,97.21923
912,30.4,0.07407903,-0.15385482,4.2444153,-8.815231,727,1494,97.21923
913,30.433333333333334,0.11858205,-0.16336896,6.7942505,-9.360352,728,1492,97.21923
914,30.466666666666665,0.07559809,-0.17019331,4.3314514,-9.751358,733,1491,97.28589
915,30.5,0.060841512,-0.15749936,3.4859617,-9.024048,733,1500,97.28589
916,30.53333333333333,0.07543084,-0.16349146,4.3218684,-9.36737,739,1498,97.28589
917,30.566666666666663,0.08001574,-0.16212606,4.584564,-9.289139,744,1497,97.28589
918,30.6,0.07872278,-0.14423442,4.510483,-8.264023,748,1495,97.28589
919,30.633333333333333,0.11881826,-0.16401798,6.8077846,-9.397537,749,1494,97.28589
920,30.666666666666668,0.12639417,-0.17863128,7.241852,-10.2348175,749,1503,97.28589
921,30.7,0.11119657,-0.19117476,6.3710938,-10.953506,751,1501,97.28589
922,30.73333333333333,0.14235714,-0.17315821,8.156463,-9.921234,750,1500,97.28589
923,30.766666666666666,0.13001207,-0.16543104,7.449142,-9.478499,750,1498,97.28589
924,30.8,0.11832265,-0.15616617,6.779388,-8.947661,751,1497,97.28589
925,30.83333333333333,0.116678156,-0.15826075,6.6851654,-9.067673,751,1505,97.28589
926,30.866666666666667,0.11410713,-0.17313664,6.5378566,-9.919998,753,1504,97.28589
927,30.9,0.122204475,-0.16282354,7.0018,-9.329102,753,1502,97.28589
928,30.933333333333334,0.11558519,-0.16414075,6.6225433,-9.404572,754,1501,97.28589
929,30.966666666666665,0.11798656,-0.14975728,6.7601314,-8.58046,755,1499,97.28589
930,31.0,0.107335776,-0.15562847,6.1498866,-8.916854,756,1507,97.28589
931,31.03333333333333,0.055878714,-0.14140934,3.2016144,-8.102158,762,1506,97.28589
932,31.066666666666663,0.06706505,-0.14667733,3.8425443,-8.403992,768,1504,97.28589
933,31.1,0.084233925,-0.149459,4.826248,-8.56337,772,1503,97.28589
934,31.133333333333333,0.072023064,-0.14437556,4.1266174,-8.27211,776,1501,97.28589
935,31.166666666666668,0.07089761,-0.15051495,4.0621333,-8.623871,777,1509,97.28589
936,31.2,0.15780509,-0.16501611,9.041565,-9.454726,774,1508,97.28589
937,31.23333333333333,0.17576438,-0.18649212,10.070557,-10.68521,769,1506,97.28589
938,31.266666666666666,0.15399836,-0.16489469,8.823456,-9.447769,766,1505,97.28589
939,31.3,0.15172322,-0.19028899,8.6931,-10.902756,764,1503,97.28589
940,31.33333333333333,0.1452448,-0.17711674,8.321914,-10.148041,764,1511,97.28589
941,31.366666666666667,0.15527987,-0.16625422,8.896881,-9.525664,761,1509,97.28589
942,31.4,0.13542494,-0.15607509,7.7592773,-8.942444,761,1508,97.28589
943,31.433333333333334,0.14551033,-0.15978834,8.337128,-9.155197,759,1506,97.28589
944,31.466666666666665,0.11364987,-0.15311286,6.511657,-8.77272,760,1505,97.28589
945,31.5,0.13836506,-0.15757684,7.9277334,-9.028487,760,1512,97.28589
946,31.53333333333333,0.12426043,-0.16094148,7.119598,-9.221267,761,1511,97.28589
947,31.566666666666663,0.123948306,-0.1434155,7.1017146,-8.217102,761,1509,97.28589
948,31.6,0.15458958,-0.18206221,8.85733,-10.431396,758,1507,97.28589
949,31.633333333333333,0.08631625,-0.15541942,4.9455566,-8.904877,762,1506,97.28589
950,31.666666666666668,0.0933177,-0.15624526,5.34671,-8.952193,762,1513,97.28589
951,31.7,0.09688074,-0.15740535,5.550857,-9.0186615,765,1512,97.28589
952,31.73333333333333,0.07579729,-0.14392096,4.3428645,-8.246063,770,1510,97.28589
953,31.766666666666666,0.09280318,-0.16148238,5.31723,-9.252258,773,1508,97.28589
954,31.8,0.07831265,-0.14632206,4.4869843,-8.3836355,777,1507,97.28589
955,31.83333333333333,0.049807508,-0.14952053,2.8537598,-8.566895,778,1514,97.28589
956,31.866666666666667,0.0710574,-0.1584493,4.071289,-9.078476,782,1512,97.28589
957,31.9,0.08612956,-0.15829164,4.93486,-9.069443,786,1511,97.28589
958,31.933333333333334,0.109145135,-0.18783781,6.2535553,-10.762313,787,1509,97.28589
959,31.966666666666665,0.08445443,-0.16895388,4.8388824,-9.680344,790,1508,97.28589
960,32.0,0.15123719,-0.17430337,8.665252,-9.986847,791,1515,97.28589
961,32.03333333333333,0.1698037,-0.19820364,9.729034,-11.356232,786,1513,97.28589
962,32.06666666666667,0.091364,-0.18058576,5.2347717,-10.346801,789,1511,97.28589
963,32.1,0.12569055,-0.20280638,7.2015376,-11.619949,788,1510,97.21923
964,32.13333333333333,0.11020214,-0.19385841,6.3141174,-11.107268,789,1508,97.21923
965,32.166666666666664,0.07993052,-0.16650456,4.5796814,-9.540009,790,1515,97.28589
966,32.2,0.084796384,-0.16648778,4.8584747,-9.539047,794,1513,97.28589
967,32.233333333333334,0.09356137,-0.16022882,5.3606715,-9.180434,796,1512,97.28589
968,32.266666666666666,0.098797955,-0.16496845,5.6607056,-9.451995,798,1510,97.28589
969,32.3,0.07914276,-0.17561658,4.534546,-10.062088,801,1508,97.28589
970,32.333333333333336,0.09112619,-0.18261002,5.2211456,-10.462783,802,1515,97.28589
971,32.36666666666667,0.08044291,-0.17704615,4.6090393,-10.143996,806,1514,97.28589
972,32.4,0.096021876,-0.14016138,5.501648,-8.030655,808,1512,97.28589
973,32.43333333333333,0.11526002,-0.14190522,6.6039124,-8.130569,808,1510,97.28589
974,32.46666666666667,0.10447288,-0.15431874,5.985855,-8.841812,809,1509,97.28589
975,32.5,0.108823165,-0.1629045,6.235108,-9.33374,810,1515,97.28589
976,32.53333333333333,0.110328116,-0.14086471,6.321335,-8.070953,810,1514,97.21923
977,32.56666666666667,0.109034084,-0.16132605,6.2471924,-9.243301,811,1512,93.751625
978,32.6,0.11209139,-0.15813345,6.4223633,-9.060379,812,1510,93.751625
979,32.63333333333333,0.11324374,-0.15747805,6.4883876,-9.022827,812,1509,93.751625
980,32.666666666666664,0.15657151,-0.15106408,8.970886,-8.6553335,814,1515,97.28589
981,32.7,0.075070515,-0.1562016,4.3012233,-8.949692,818,1513,97.28589
982,32.733333333333334,0.08127249,-0.15398797,4.6565704,-8.822861,821,1512,97.28589
983,32.766666666666666,0.056383647,-0.15062067,3.2305448,-8.629929,826,1510,97.28589
984,32.8,0.1613652,-0.12424925,9.245544,-7.118957,822,1507,93.751625
985,32.833333333333336,0.16792083,-0.13672483,9.621154,-7.8337555,823,1513,93.81139
986,32.86666666666667,0.12299171,-0.12347001,7.0469055,-7.07431,823,1510,93.81139
987,32.9,0.12889647,-0.11903238,7.3852234,-6.8200526,821,1507,93.81139
988,32.93333333333333,0.14154914,-0.1575787,8.1101675,-9.028594,819,1505,93.81139
989,32.96666666666667,0.15149392,-0.14297101,8.679962,-8.191635,816,1504,93.81139
990,33.0,0.13364221,-0.17100637,7.657134,-9.797942,818,1510,97.28589
991,33.03333333333333,0.11124237,-0.12157704,6.373718,-6.965851,818,1507,97.28589
992,33.06666666666667,0.09069395,-0.12672333,5.19638,-7.2607117,820,1506,97.28589
993,33.1,0.08907609,-0.14323838,5.1036835,-8.206954,822,1504,97.28589
994,33.13333333333333,0.1194758,-0.15491821,6.8454585,-8.876159,821,1503,97.28589
995,33.166666666666664,0.13998055,-0.15697764,8.020294,-8.994156,823,1509,97.28589
996,33.2,0.12461491,-0.14616866,7.139908,-8.374847,822,1507,93.81139
997,33.233333333333334,0.12225001,-0.1389997,7.0044093,-7.9640956,821,1506,93.751625
998,33.266666666666666,0.15272644,-0.12944429,8.75058,-7.4166107,818,1503,93.81139
999,33.3,0.14541979,-0.12996306,8.33194,-7.4463344,816,1501,93.81139
1000,33.333333333333336,0.15342578,-0.1308957,8.790649,-7.499771,817,1507,93.81139
1001,33.36666666666667,0.09276749,-0.15560904,5.3151855,-8.915741,819,1506,93.81139
1002,33.4,0.0831106,-0.16207014,4.7618866,-9.285934,822,1504,93.81139
1003,33.43333333333333,0.116515964,-0.14082077,6.675873,-8.068436,822,1503,97.28589
1004,33.46666666666667,0.10429418,-0.14246447,5.975616,-8.162613,823,1501,97.28589
1005,33.5,0.121401004,-0.1659871,6.955765,-9.51036,824,1507,97.28589
1006,33.53333333333333,0.116024345,-0.15087181,6.647705,-8.644318,824,1505,97.28589
1007,33.56666666666667,0.109716386,-0.11329433,6.2862854,-6.4912868,824,1502,97.28589
1008,33.6,0.10273597,-0.15114903,5.886337,-8.660201,825,1500,97.28589
1009,33.63333333333333,0.13624094,-0.14020133,7.8060308,-8.032944,823,1499,97.28589
1010,33.666666666666664,0.13280812,-0.12930366,7.6093445,-7.4085536,824,1505,97.28589
1011,33.7,0.11903931,-0.1135729,6.82045,-6.5072474,823,1501,97.28589
1012,33.733333333333334,0.10822981,-0.12295069,6.201111,-7.044555,824,1499,97.28589
1013,33.766666666666666,0.112421885,-0.13896881,6.441299,-7.962326,823,1498,97.28589
1014,33.8,0.11027511,-0.14010172,6.3182983,-8.027237,824,1496,97.28589
1015,33.833333333333336,0.10216951,-0.1386503,5.853882,-7.9440765,825,1502,97.28589
1016,33.86666666666667,0.092070274,-0.13066694,5.275238,-7.486664,827,1500,97.28589
1017,33.9,0.06549992,-0.112470895,3.7528687,-6.444107,831,1497,97.28589
1018,33.93333333333333,0.08689282,-0.12924933,4.9785914,-7.405441,833,1496,97.28589
1019,33.96666666666667,0.06589806,-0.09932792,3.7756805,-5.6910706,837,1492,97.28589
1020,34.0,0.08405789,-0.13060994,4.816162,-7.483398,839,1497,97.28589
1021,34.03333333333333,0.07909029,-0.120819636,4.5315394,-6.922455,841,1495,97.28589
1022,34.06666666666667,0.07824181,-0.11666963,4.4829254,-6.684677,844,1492,97.28589
1023,34.1,0.078245535,-0.11786672,4.4831386,-6.753265,847,1490,97.28589
1024,34.13333333333333,0.06891222,-0.13946363,3.9483793,-7.9906774,850,1489,97.28589
1025,34.166666666666664,0.08112175,-0.13077188,4.6479335,-7.4926763,852,1494,97.28589
1026,34.2,0.055887766,-0.11871867,3.202133,-6.8020782,857,1492,97.28589
1027,34.233333333333334,0.05627739,-0.11290924,3.2244568,-6.4692225,861,1489,97.28589
1028,34.266666666666666,0.06328789,-0.1240133,3.626129,-7.105438,865,1488,97.28589
1029,34.3,0.045522742,-0.11014648,2.6082609,-6.310928,870,1485,97.28589
1030,34.333333333333336,0.05047915,-0.11151801,2.8922422,-6.389511,872,1490,97.28589
1031,34.36666666666667,0.03616546,-0.108814105,2.072128,-6.2345886,878,1487,97.28589
1032,34.4,0.0756154,-0.12681948,4.3324428,-7.2662206,880,1486,97.28589
1033,34.43333333333333,0.08930591,-0.10403932,5.1168513,-5.9610133,881,1482,97.28589
1034,34.46666666666667,0.10180946,-0.11303601,5.833252,-6.4764857,880,1479,97.28589
1035,34.5,0.10378659,-0.11902307,5.946533,-6.819519,883,1484,97.28589
1036,34.53333333333333,0.07672461,-0.1329727,4.395996,-7.6187744,885,1483,97.28589
1037,34.56666666666667,0.0960272,-0.11677642,5.501953,-6.690796,885,1481,97.28589
1038,34.6,0.13295352,-0.11208313,7.6176753,-6.42189,882,1477,97.28589
1039,34.63333333333333,0.11053557,-0.123664156,6.3332214,-7.085434,881,1476,97.28589
1040,34.666666666666664,0.15192509,-0.11396039,8.704666,-6.529449,883,1480,97.28589
1041,34.7,0.1455865,-0.10494666,8.341492,-6.013,878,1476,97.28589
1042,34.733333333333334,0.13270399,-0.10986659,7.6033783,-6.2948914,875,1473,97.28589
1043,34.766666666666666,0.14433162,-0.088285655,8.269592,-5.058395,871,1467,97.28589
1044,34.8,0.11470022,-0.09031072,6.5718384,-5.1744227,870,1461,97.28589
1045,34.833333333333336,0.11856021,-0.08191484,6.7929993,-4.6933746,872,1465,97.28589
1046,34.86666666666667,0.13545157,-0.059760273,7.7608027,-3.4240112,869,1455,97.28589
1047,34.9,0.11087139,-0.07187046,6.3524623,-4.1178737,868,1448,97.28589
1048,34.93333333333333,0.12591612,-0.069379345,7.2144623,-3.9751434,865,1440,97.28589
1049,34.96666666666667,0.09530255,-0.082797416,5.4604335,-4.7439423,866,1435,97.28589
1050,35.0,0.09811246,-0.07749533,5.6214294,-4.440155,868,1438,97.28589
1051,35.03333333333333,0.11306584,-0.09191102,6.478195,-5.2661133,867,1433,97.28589
1052,35.06666666666667,0.10168322,-0.065606974,5.8260193,-3.7590024,867,1425,97.28589
1053,35.1,0.11146555,-0.042434275,6.386505,-2.4313047,866,1415,97.28589
1054,35.13333333333333,0.1023807,-0.07825167,5.8659816,-4.48349,866,1409,97.28589
1055,35.166666666666664,0.13200065,-0.06946696,7.56308,-3.9801636,868,1412,97.28589
1056,35.2,0.08048392,-0.059573315,4.6113887,-3.4132993,870,1404,97.28589
1057,35.233333333333334,0.08922868,-0.064340375,5.1124268,-3.6864316,871,1396,97.28589
1058,35.266666666666666,0.093864985,-0.08086423,5.378067,-4.6331787,871,1392,97.28589
1059,35.3,0.119698174,-0.07240123,6.8581996,-4.148285,870,1386,97.28589
1060,35.333333333333336,0.05420545,-0.10452988,3.1057434,-5.9891205,872,1388,97.28589
1061,35.36666666666667,0.06537022,-0.09481093,3.7454374,-5.432266,875,1385,97.28589
1062,35.4,0.083300486,-0.115518615,4.772766,-6.6187286,876,1385,97.28589
1063,35.43333333333333,0.07289605,-0.10679303,4.1766357,-6.1187897,879,1383,97.28589
1064,35.46666666666667,0.08219767,-0.09284393,4.7095795,-5.319565,880,1381,97.28589
1065,35.5,0.06483333,-0.103051014,3.714676,-5.904388,882,1382,97.28589
1066,35.53333333333333,0.09463117,-0.10310935,5.4219666,-5.9077306,883,1380,97.28589
1067,35.56666666666667,0.13204166,-0.11691091,7.5654297,-6.6985016,879,1380,97.28589
1068,35.6,0.13402225,-0.10983329,7.678909,-6.292984,876,1379,97.28589
1069,35.63333333333333,0.14917777,-0.10054925,8.547256,-5.7610474,872,1376,97.28589
1070,35.666666666666664,0.15049471,-0.06880117,8.622711,-3.9420166,874,1378,97.28589
1071,35.7,0.11578919,-0.103476055,6.6342316,-5.928741,872,1376,97.28589
1072,35.733333333333334,0.08139659,-0.0601664,4.6636806,-3.4472806,874,1369,97.28589
1073,35.766666666666666,0.10110691,-0.053578276,5.792999,-3.069809,874,1361,97.28589
1074,35.8,0.12558296,-0.056627862,7.1953735,-3.2445374,871,1354,97.28589
1075,35.833333333333336,0.10954221,-0.06692124,6.276306,-3.8343046,873,1355,97.28589
1076,35.86666666666667,0.08664036,-0.06925976,4.9641266,-3.9682918,875,1350,97.28589
1077,35.9,0.12057142,-0.060107812,6.908233,-3.4439237,873,1343,97.28589
1078,35.93333333333333,0.10654775,-0.08355296,6.104736,-4.7872314,872,1339,97.28589
1079,35.96666666666667,0.13835335,-0.08469997,7.9270625,-4.8529506,868,1336,97.28589
1080,36.0,0.07429767,-0.03898016,4.2569423,-2.2333984,870,1337,93.81139
1081,36.03333333333333,0.079659946,-0.05242779,4.5641785,-3.003891,873,1329,93.81139
1082,36.06666666666667,0.091647096,-0.04803437,5.2509913,-2.7521665,874,1321,93.81139
1083,36.1,0.10749024,-0.05949129,6.1587367,-3.4085999,873,1315,93.81139
1084,36.13333333333333,0.07622127,-0.03201839,4.367157,-1.8345184,876,1306,93.81139
1085,36.16666666666666,0.093652196,-0.054806795,5.3658752,-3.1401978,877,1306,93.81139
1086,36.2,0.07658026,-0.03149481,4.387726,-1.8045197,880,1296,93.81139
1087,36.23333333333333,0.1003021,-0.077765904,5.7468867,-4.455658,880,1293,93.751625
1088,36.266666666666666,0.10464013,-0.022937806,5.9954376,-1.3142394,880,1283,93.751625
1089,36.3,0.029122999,-0.029234584,1.6686249,-1.6750182,886,1274,93.81139
1090,36.333333333333336,0.037976146,-0.03745097,2.1758728,-2.1457825,888,1273,93.81139
1091,36.36666666666667,0.05330796,-0.013943779,3.054321,-0.7989197,892,1262,93.81139
1092,36.4,0.15780482,-0.06051554,9.04155,-3.467285,886,1257,97.21923
1093,36.43333333333333,0.08870963,-0.052160405,5.082687,-2.988571,887,1252,97.21923
1094,36.46666666666667,0.10913581,-0.035173435,6.253021,-2.0152893,885,1245,100.95301
1095,36.5,0.12721255,-0.03868881,7.288742,-2.2167053,888,1243,100.95301
1096,36.53333333333333,0.15519118,-0.05884015,8.891799,-3.3712919,882,1238,97.28589
1097,36.56666666666667,0.14246927,-0.0657681,8.162888,-3.7682343,878,1235,97.28589
1098,36.6,0.1188465,-0.0801718,6.8094025,-4.5935054,876,1233,97.28589
1099,36.63333333333333,0.13493438,-0.07673712,7.73117,-4.396713,873,1231,97.28589
1100,36.66666666666666,0.11758442,-0.050806988,6.7370906,-2.9110258,874,1229,97.28589
1101,36.7,0.11472312,-0.04939072,6.5731506,-2.8298795,873,1224,97.28589
1102,36.73333333333333,0.08616711,-0.09557234,4.9370117,-5.475891,874,1225,97.28589
1103,36.766666666666666,0.07594803,-0.07817683,4.3515015,-4.4792023,876,1224,97.28589
1104,36.8,0.087924264,-0.030107569,5.037689,-1.7250365,877,1216,97.28589
1105,36.833333333333336,0.12810418,-0.031592283,7.3398285,-1.8101044,879,1214,97.28589
1106,36.86666666666667,0.08236678,-0.06450256,4.719269,-3.6957242,881,1211,97.28589
1107,36.9,0.09586847,-0.022792665,5.4928584,-1.3059235,881,1203,97.28589
1108,36.93333333333333,0.13450189,-0.040979125,7.7063904,-2.3479307,877,1197,100.95301
1109,36.96666666666667,0.11098618,-0.0625715,6.3590393,-3.5850828,876,1195,97.21923
1110,37.0,0.15502581,-0.068836324,8.882324,-3.9440305,878,1192,97.21923
1111,37.03333333333333,0.124542736,-0.04963227,7.1357727,-2.8437195,875,1187,97.21923
1112,37.06666666666667,0.13354635,-0.050238404,7.651642,-2.8784485,872,1183,97.21923
1113,37.1,0.10837628,-0.006570019,6.209503,-0.37643433,871,1174,97.21923
1114,37.13333333333333,0.106468394,-0.023592679,6.100189,-1.3517609,871,1167,97.21923
1115,37.16666666666666,0.12857476,-0.035512455,7.366791,-2.0347137,872,1163,97.21923
1116,37.2,0.09284845,-0.032585375,5.319824,-1.8670044,873,1157,93.81139
1117,37.23333333333333,0.1017743,-0.042212434,5.8312373,-2.4185941,873,1152,93.81139
1118,37.266666666666666,0.11060135,-0.045984004,6.3369904,-2.634689,873,1148,93.81139
1119,37.3,0.07160655,-0.027543478,4.1027527,-1.5781249,875,1142,93.81139
1120,37.333333333333336,0.07050559,-0.023472304,4.0396724,-1.3448639,877,1139,93.81139
1121,37.36666666666667,0.06720674,-0.019763052,3.8506625,-1.1323395,880,1131,93.81139
1122,37.4,0.069338866,-0.02044429,3.972824,-1.1713715,883,1125,93.81139
1123,37.43333333333333,0.07913983,-0.016188292,4.534378,-0.92752075,885,1118,93.81139
1124,37.46666666666667,0.08176225,-0.02427072,4.6846313,-1.3906097,886,1112,97.21923
1125,37.5,0.09114376,-0.034588873,5.222152,-1.9817964,888,1108,97.21923
1126,37.53333333333333,0.024178306,-0.020567328,1.3853148,-1.178421,895,1102,97.28589
1127,37.56666666666667,0.040880855,-0.039282694,2.3423004,-2.2507324,900,1098,97.28589
1128,37.6,0.07038868,0.0069202245,4.0329742,0.39649963,902,1089,97.28589
1129,37.63333333333333,0.07275144,0.004295413,4.16835,0.24610902,904,1080,97.28589
1130,37.66666666666666,0.043385025,0.02436313,2.4857788,1.3959044,906,1075,97.28589
1131,37.7,0.065868765,-0.003980627,3.774002,-0.2280731,908,1068,97.28589
1132,37.73333333333333,0.02344141,0.03237552,1.3430938,1.8549805,915,1055,97.28589
1133,37.766666666666666,0.070331156,-0.0004940164,4.0296783,-0.028305052,916,1048,97.28589
1134,37.8,0.046476956,0.0077902786,2.6629333,0.44635007,920,1040,97.28589
1135,37.833333333333336,0.07562392,0.018870628,4.3329315,1.0812073,923,1034,97.28589
1136,37.86666666666667,0.084158026,0.027272634,4.8218994,1.5626067,923,1023,97.28589
1137,37.9,0.08409145,0.014907577,4.8180847,0.8541412,923,1014,97.28589
1138,37.93333333333333,0.07498903,0.025139444,4.2965546,1.4403839,924,1005,97.28589
1139,37.96666666666667,0.05901299,0.017380057,3.381195,0.99580383,927,996,97.28589
1140,38.0,0.057778083,-0.0030162963,3.31044,-0.17282104,929,990,97.28589
1141,38.03333333333333,0.05266934,0.004954811,3.0177307,0.28388974,933,983,97.28589
1142,38.06666666666667,0.08333804,-0.0047553405,4.7749176,-0.27246094,933,977,97.28589
1143,38.1,0.082875445,-0.019639747,4.748413,-1.1252745,933,974,97.28589
1144,38.13333333333333,0.05443022,0.022252843,3.1186218,1.2749939,936,966,97.28589
1145,38.16666666666666,0.07568145,0.014805045,4.3362274,0.84826654,938,959,97.28589
1146,38.2,0.09031765,-0.013772804,5.17482,-0.78912354,938,955,97.28589
1147,38.23333333333333,0.074678235,-0.009243833,4.2787476,-0.52963257,939,951,97.28589
1148,38.266666666666666,0.07667534,0.015044464,4.393173,0.86198425,939,944,97.28589
1149,38.3,0.063816,-0.023762321,3.6563876,-1.3614806,941,942,97.28589
1150,38.333333333333336,0.09557446,0.010153302,5.4760127,0.58174133,944,934,97.28589
1151,38.36666666666667,0.08235507,0.0037593183,4.7185974,0.21539305,944,929,97.28589
1152,38.4,0.07122305,0.01355043,4.08078,0.7763824,945,922,93.81139
1153,38.43333333333333,0.077392794,0.0017443704,4.4342804,0.09994506,946,918,93.81139
1154,38.46666666666667,0.090380765,0.007860852,5.1784363,0.45039365,945,912,93.81139
1155,38.5,0.06687198,0.012318718,3.831482,0.70581055,948,904,93.81139
1156,38.53333333333333,0.08605473,0.027672907,4.9305725,1.5855407,948,896,93.81139
1157,38.56666666666667,0.07187579,0.037199832,4.1181793,2.1313932,949,888,93.81139
1158,38.6,0.08000349,0.03791516,4.5838623,2.1723785,950,879,93.81139
1159,38.63333333333333,0.054368436,0.031922515,3.1150818,1.8290253,952,872,100.95301
1160,38.66666666666666,0.08794184,-0.0037864824,5.038696,-0.21694945,955,863,97.21923
1161,38.7,0.07492697,0.012669456,4.2929993,0.7259063,955,858,97.28589
1162,38.73333333333333,0.059048142,0.0085080005,3.3832092,0.4874725,957,854,97.28589
1163,38.766666666666666,0.04681518,-0.018095646,2.682312,-1.0368041,960,853,97.28589
1164,38.8,0.04234293,-0.17004684,2.4260712,-9.742966,963,866,97.28589
1165,38.833333333333336,0.07767509,-0.21329418,4.4504547,-12.220856,966,857,97.28589
1166,38.86666666666667,0.10678877,-0.27255085,6.1185455,-15.616013,963,870,97.28589
1167,38.9,-0.01088434,-0.24546517,-0.6236267,-14.064117,972,883,97.28589
1168,38.93333333333333,0.088641725,-0.08485817,5.0787964,-4.862015,970,890,97.28589
1169,38.96666666666667,0.053304236,-0.067182235,3.0541077,-3.8492584,972,895,97.28589
1170,39.0,0.021363612,-0.054115433,1.2240448,-3.1005857,976,887,97.28589
1171,39.03333333333333,0.019388612,-0.031455394,1.1108856,-1.8022612,981,887,97.28589
1172,39.06666666666667,0.027272103,-0.020302344,1.5625763,-1.1632385,985,886,97.28589
1173,39.1,0.066454925,-0.007899469,3.8075864,-0.4526062,986,884,97.28589
1174,39.13333333333333,0.054246727,-0.0015536883,3.1081083,-0.089019775,987,880,97.28589
1175,39.16666666666666,0.04838804,0.031046867,2.7724304,1.7788544,991,872,97.28589
1176,39.2,0.06650446,0.0068272804,3.8104248,0.39117432,991,868,97.28589
1177,39.23333333333333,0.06193421,-0.0014958977,3.5485687,-0.08570862,992,865,97.28589
1178,39.266666666666666,0.073499255,0.008415323,4.211197,0.48216245,992,860,97.28589
1179,39.3,0.08909632,0.039507996,5.104843,2.2636414,990,852,97.28589
1180,39.333333333333336,0.091980256,0.0135467015,5.27008,0.77616876,994,844,97.28589
1181,39.36666666666667,0.042695533,0.0085780425,2.4462738,0.4914856,996,840,97.28589
1182,39.4,0.043803677,-0.0042320294,2.5097656,-0.24247742,999,838,97.28589
1183,39.43333333333333,0.093187205,0.034299918,5.3392334,1.9652404,996,831,97.28589
1184,39.46666666666667,0.08409304,0.039777774,4.8181763,2.2790985,995,823,97.28589
1185,39.5,0.091491304,0.041667286,5.2420654,2.3873596,999,814,97.28589
1186,39.53333333333333,0.092996255,0.032156073,5.3282924,1.8424071,996,808,97.28589
1187,39.56666666666667,0.05868329,0.028116856,3.3623047,1.610977,997,802,97.28589
