Frame,Time,GameX,GameY,Speed_X,Speed_Y
1,0.0,640.0,338.0,3,3
2,0.11,640.0,341.0,3,3
3,0.15,640.0,344.0,3,3
4,0.18,640.0,347.0,3,3
5,0.22,640.0,350.0,3,3
6,0.25,640.0,353.0,3,3
7,0.28,640.0,356.0,3,3
8,0.32,640.0,359.0,3,3
9,0.35,640.0,362.0,3,3
10,0.38,640.0,365.0,3,3
11,0.42,640.0,368.0,3,3
12,0.45,640.0,371.0,3,3
13,0.48,640.0,374.0,3,3
14,0.52,640.0,377.0,3,3
15,0.55,640.0,380.0,3,3
16,0.58,640.0,383.0,3,3
17,0.62,640.0,386.0,3,3
18,0.65,640.0,389.0,3,3
19,0.68,640.0,392.0,3,3
20,0.72,640.0,395.0,3,3
21,0.75,640.0,398.0,3,3
22,0.79,640.0,401.0,3,3
23,0.82,640.0,404.0,3,3
24,0.85,640.0,407.0,3,3
25,0.89,640.0,410.0,3,3
26,0.92,640.0,413.0,3,3
27,0.95,640.0,416.0,3,3
28,0.98,640.0,419.0,3,3
29,1.02,640.0,422.0,3,3
30,1.05,640.0,425.0,3,3
31,1.09,640.0,428.0,3,3
32,1.12,640.0,431.0,3,3
33,1.15,640.0,434.0,3,3
34,1.19,640.0,437.0,3,3
35,1.22,640.0,440.0,3,3
36,1.25,640.0,443.0,3,3
37,1.29,640.0,446.0,3,3
38,1.32,640.0,449.0,3,3
39,1.35,640.0,452.0,3,3
40,1.39,640.0,455.0,3,3
41,1.42,640.0,458.0,3,3
42,1.45,640.0,461.0,3,3
43,1.49,640.0,464.0,3,3
44,1.52,640.0,467.0,3,3
45,1.55,640.0,470.0,3,3
46,1.59,640.0,473.0,3,3
47,1.62,640.0,476.0,3,3
48,1.65,640.0,479.0,3,3
49,1.68,640.0,482.0,3,3
50,1.72,640.0,485.0,3,3
51,1.75,640.0,488.0,3,3
52,1.78,640.0,491.0,3,3
53,1.82,640.0,494.0,3,3
54,1.85,640.0,497.0,3,3
55,1.88,640.0,500.0,3,3
56,1.92,640.0,503.0,3,3
57,1.95,640.0,506.0,3,3
58,1.98,640.0,509.0,3,3
59,2.02,640.0,512.0,3,3
60,2.05,640.0,515.0,3,3
61,2.09,640.0,518.0,3,3
62,2.12,640.0,521.0,3,3
63,2.16,640.0,524.0,3,3
64,2.19,640.0,527.0,3,3
65,2.23,640.0,530.0,3,3
66,2.26,640.0,533.0,3,3
67,2.29,640.0,536.0,3,3
68,2.33,640.0,539.0,3,3
69,2.36,640.0,542.0,3,3
70,2.39,640.0,545.0,3,3
71,2.43,640.0,548.0,3,3
72,2.46,640.0,551.0,3,3
73,2.49,640.0,554.0,3,3
74,2.53,640.0,557.0,3,3
75,2.56,640.0,560.0,3,3
76,2.6,640.0,563.0,3,3
77,2.63,640.0,566.0,3,3
78,2.66,640.0,569.0,3,3
79,2.7,640.0,572.0,3,3
80,2.73,640.0,575.0,3,3
81,2.76,640.0,578.0,3,3
82,2.8,640.0,581.0,3,3
83,2.83,640.0,584.0,3,3
84,2.87,640.0,587.0,3,3
85,2.9,640.0,590.0,3,3
86,2.93,640.0,593.0,3,3
87,2.97,640.0,596.0,3,3
88,3.0,640.0,599.0,3,3
89,3.03,640.0,602.0,3,3
90,3.07,640.0,605.0,3,3
91,3.1,640.0,608.0,3,3
92,3.13,640.0,611.0,3,3
93,3.17,640.0,614.0,3,3
94,3.2,640.0,617.0,3,3
95,3.23,640.0,620.0,3,3
96,3.27,640.0,623.0,3,3
97,3.3,640.0,626.0,3,3
98,3.34,640.0,629.0,3,3
99,3.37,640.0,632.0,3,3
100,3.4,640.0,635.0,3,3
101,3.44,640.0,638.0,3,3
102,3.47,640.0,641.0,3,3
103,3.5,640.0,644.0,3,3
104,3.54,640.0,647.0,3,3
105,3.57,640.0,650.0,3,3
106,3.61,640.0,653.0,3,3
107,3.64,640.0,656.0,3,3
108,3.67,640.0,659.0,3,3
109,3.71,640.0,662.0,3,3
110,3.74,640.0,665.0,3,3
111,3.77,640.0,668.0,3,3
112,3.81,640.0,671.0,3,3
113,3.84,640.0,674.0,3,3
114,3.87,640.0,677.0,3,3
115,3.9,640.0,680.0,3,3
116,3.94,640.0,683.0,3,3
117,3.97,640.0,686.0,3,3
118,4.0,640.0,689.0,3,3
119,4.04,640.0,692.0,3,3
120,4.07,640.0,695.0,3,3
121,4.1,640.0,698.0,3,3
122,4.14,640.0,701.0,3,3
123,4.17,640.0,704.0,3,3
124,4.2,640.0,707.0,3,3
125,4.24,640.0,710.0,3,3
126,4.27,640.0,713.0,3,3
127,4.3,640.0,716.0,3,3
128,4.34,640.0,719.0,3,3
129,4.37,640.0,722.0,3,3
130,4.41,640.0,725.0,3,3
131,4.44,640.0,728.0,3,3
132,4.47,640.0,731.0,3,3
133,4.51,640.0,734.0,3,3
134,4.54,640.0,737.0,3,3
135,4.57,640.0,740.0,3,3
136,4.61,640.0,743.0,3,3
137,4.64,640.0,746.0,3,3
138,4.68,640.0,749.0,3,3
139,4.71,640.0,752.0,3,3
140,4.74,640.0,755.0,3,3
141,4.78,640.0,758.0,3,3
142,4.81,640.0,761.0,3,3
143,4.84,640.0,764.0,3,3
144,4.88,640.0,767.0,3,3
145,4.91,640.0,770.0,3,3
146,4.94,640.0,773.0,3,3
147,4.98,640.0,776.0,3,3
148,5.01,640.0,779.0,3,3
149,5.04,640.0,782.0,3,3
150,5.08,640.0,785.0,3,3
151,5.11,640.0,788.0,3,3
152,5.15,640.0,791.0,3,3
153,5.18,640.0,794.0,3,3
154,5.21,640.0,797.0,3,3
155,5.25,640.0,800.0,3,3
156,5.28,640.0,803.0,3,3
157,5.31,640.0,806.0,3,3
158,5.35,640.0,809.0,3,3
159,5.38,640.0,812.0,3,3
160,5.41,640.0,815.0,3,3
161,5.45,640.0,818.0,3,3
162,5.48,640.0,821.0,3,3
163,5.51,640.0,824.0,3,3
164,5.55,640.0,827.0,3,3
165,5.58,640.0,830.0,3,3
166,5.61,640.0,833.0,3,3
167,5.65,640.0,836.0,3,3
168,5.68,640.0,839.0,3,3
169,5.71,640.0,842.0,3,3
170,5.75,640.0,845.0,3,3
171,5.78,640.0,848.0,3,3
172,5.81,640.0,851.0,3,3
173,5.85,640.0,854.0,3,3
174,5.88,640.0,857.0,3,3
175,5.91,640.0,860.0,3,3
176,5.95,640.0,863.0,3,3
177,5.98,640.0,866.0,3,3
178,6.02,640.0,869.0,3,3
179,6.05,640.0,872.0,3,3
180,6.08,640.0,875.0,3,3
181,6.12,640.0,878.0,3,3
182,6.15,640.0,881.0,3,3
183,6.19,640.0,884.0,3,3
184,6.22,640.0,887.0,3,3
185,6.25,640.0,890.0,3,3
186,6.29,640.0,893.0,3,3
187,6.32,640.0,896.0,3,3
188,6.35,640.0,899.0,3,3
189,6.39,640.0,902.0,3,3
190,6.42,640.0,905.0,3,3
191,6.45,640.0,908.0,3,3
192,6.49,640.0,911.0,3,3
193,6.52,640.0,914.0,3,3
194,6.55,640.0,917.0,3,3
195,6.59,640.0,920.0,3,3
196,6.62,640.0,923.0,3,3
197,6.65,640.0,926.0,3,3
198,6.69,640.0,929.0,3,3
199,6.72,640.0,932.0,3,3
200,6.75,640.0,935.0,3,3
201,6.79,640.0,938.0,3,3
202,6.82,640.0,941.0,3,3
203,6.85,640.0,944.0,3,3
204,6.89,640.0,947.0,3,3
205,6.92,640.0,950.0,3,3
206,6.95,640.0,953.0,3,3
207,6.99,640.0,956.0,3,3
208,7.02,640.0,959.0,3,3
209,7.05,640.0,962.0,3,3
210,7.09,640.0,965.0,3,3
211,7.12,640.0,968.0,3,3
212,7.15,640.0,971.0,3,3
213,7.19,640.0,974.0,3,3
214,7.22,640.0,977.0,3,3
215,7.26,640.0,980.0,3,3
216,7.29,640.0,983.0,3,3
217,7.32,640.0,986.0,3,3
218,7.36,640.0,989.0,3,3
219,7.39,640.0,992.0,3,3
220,7.42,640.0,995.0,3,3
221,7.46,640.0,998.0,3,3
222,7.49,640.0,1001.0,3,3
223,7.52,640.0,1004.0,3,3
224,7.56,640.0,1007.0,3,3
225,7.59,640.0,1010.0,3,3
226,7.62,640.0,1013.0,3,3
227,7.66,640.0,1016.0,3,3
228,7.69,640.0,1019.0,3,3
229,7.73,640.0,1022.0,3,3
230,7.76,640.0,1025.0,3,3
231,7.79,640.0,1028.0,3,3
232,7.83,640.0,1031.0,3,3
233,7.86,640.0,1034.0,3,3
234,7.89,640.0,1037.0,3,3
235,7.93,640.0,1040.0,3,3
236,7.96,640.0,1043.0,3,3
237,7.99,640.0,1046.0,3,3
238,8.03,640.0,1049.0,3,3
239,8.06,640.0,1052.0,3,3
240,8.1,640.0,1055.0,3,3
241,8.13,640.0,1058.0,3,3
242,8.16,640.0,1061.0,3,3
243,8.2,640.0,1064.0,3,3
244,8.23,640.0,1067.0,3,3
245,8.26,640.0,1070.0,3,3
246,8.3,640.0,1073.0,3,3
247,8.33,640.0,1076.0,3,3
248,8.37,640.0,1079.0,3,3
249,8.4,640.0,1082.0,3,3
250,8.43,640.0,1085.0,3,3
251,8.46,640.0,1088.0,3,3
252,8.5,640.0,1091.0,3,3
253,8.53,640.0,1094.0,3,3
254,8.56,640.0,1097.0,3,3
255,8.6,640.0,1100.0,3,3
256,8.63,640.0,1103.0,3,3
257,8.67,640.0,1106.0,3,3
258,8.7,640.0,1109.0,3,3
259,8.73,640.0,1112.0,3,3
260,8.77,640.0,1115.0,3,3
261,8.8,640.0,1118.0,3,3
262,8.83,640.0,1121.0,3,3
263,8.87,640.0,1124.0,3,3
264,8.9,640.0,1127.0,3,3
265,8.94,640.0,1130.0,3,3
266,8.97,640.0,1133.0,3,3
267,9.0,640.0,1136.0,3,3
268,9.04,640.0,1139.0,3,3
269,9.07,640.0,1142.0,3,3
270,9.1,640.0,1145.0,3,3
271,9.14,640.0,1148.0,3,3
272,9.17,640.0,1151.0,3,3
273,9.2,640.0,1154.0,3,3
274,9.24,640.0,1157.0,3,3
275,9.27,640.0,1160.0,3,3
276,9.3,640.0,1163.0,3,3
277,9.34,640.0,1166.0,3,3
278,9.37,640.0,1169.0,3,3
279,9.4,640.0,1172.0,3,3
280,9.44,640.0,1175.0,3,3
281,9.47,640.0,1178.0,3,3
282,9.51,640.0,1181.0,3,3
283,9.54,640.0,1184.0,3,3
284,9.57,640.0,1187.0,3,3
285,9.6,640.0,1190.0,3,3
286,9.64,640.0,1193.0,3,3
287,9.67,640.0,1196.0,3,3
288,9.7,640.0,1199.0,3,3
289,9.74,640.0,1202.0,3,3
290,9.77,640.0,1205.0,3,3
291,9.81,640.0,1208.0,3,3
292,9.84,640.0,1211.0,3,3
293,9.87,640.0,1214.0,3,3
294,9.91,640.0,1217.0,3,3
295,9.94,640.0,1220.0,3,3
296,9.97,640.0,1223.0,3,3
297,10.01,640.0,1226.0,3,3
298,10.04,640.0,1229.0,3,3
299,10.07,640.0,1232.0,3,3
300,10.11,640.0,1235.0,3,3
301,10.14,640.0,1238.0,3,3
302,10.18,640.0,1240,3,3
303,10.21,643.0,1240,3,3
304,10.24,646.0,1240,3,3
305,10.28,649.0,1240,3,3
306,10.31,652.0,1240,3,3
307,10.34,655.0,1240,3,3
308,10.38,658.0,1240,3,3
309,10.41,661.0,1240,3,3
310,10.44,664.0,1240,3,3
311,10.48,667.0,1240,3,3
312,10.51,670.0,1240,3,3
313,10.54,673.0,1240,3,3
314,10.58,676.0,1240,3,3
315,10.61,679.0,1240,3,3
316,10.65,682.0,1240,3,3
317,10.68,685.0,1240,3,3
318,10.71,688.0,1240,3,3
319,10.75,691.0,1240,3,3
320,10.78,694.0,1240,3,3
321,10.81,697.0,1240,3,3
322,10.85,700.0,1240,3,3
323,10.88,703.0,1240,3,3
324,10.91,706.0,1240,3,3
325,10.95,709.0,1240,3,3
326,10.98,712.0,1240,3,3
327,11.01,715.0,1240,3,3
328,11.05,718.0,1240,3,3
329,11.08,721.0,1240,3,3
330,11.11,724.0,1240,3,3
331,11.15,727.0,1240,3,3
332,11.18,730.0,1240,3,3
333,11.22,733.0,1240,3,3
334,11.25,736.0,1240,3,3
335,11.28,739.0,1240,3,3
336,11.32,740.0,1240,3,3
337,11.35,740.0,1237,3,3
338,11.38,740.0,1234,3,3
339,11.42,740.0,1231,3,3
340,11.45,740.0,1228,3,3
341,11.49,740.0,1225,3,3
342,11.52,740.0,1222,3,3
343,11.55,740.0,1219,3,3
344,11.59,740.0,1216,3,3
345,11.62,740.0,1213,3,3
346,11.65,740.0,1210,3,3
347,11.69,740.0,1207,3,3
348,11.72,740.0,1204,3,3
349,11.75,740.0,1201,3,3
350,11.79,740.0,1198,3,3
351,11.82,740.0,1195,3,3
352,11.86,740.0,1192,3,3
353,11.89,740.0,1189,3,3
354,11.92,740.0,1186,3,3
355,11.96,740.0,1183,3,3
356,11.99,740.0,1180,3,3
357,12.02,740.0,1177,3,3
358,12.06,740.0,1174,3,3
359,12.09,740.0,1171,3,3
360,12.12,740.0,1168,3,3
361,12.16,740.0,1165,3,3
362,12.19,740.0,1162,3,3
363,12.23,740.0,1159,3,3
364,12.26,740.0,1156,3,3
365,12.29,740.0,1153,3,3
366,12.33,740.0,1150,3,3
367,12.36,740.0,1147,3,3
368,12.39,740.0,1144,3,3
369,12.43,740.0,1141,3,3
370,12.46,740.0,1138,3,3
371,12.49,740.0,1135,3,3
372,12.53,740.0,1132,3,3
373,12.56,740.0,1129,3,3
374,12.6,740.0,1126,3,3
375,12.63,740.0,1123,3,3
376,12.66,740.0,1120,3,3
377,12.7,740.0,1117,3,3
378,12.73,740.0,1114,3,3
379,12.76,740.0,1111,3,3
380,12.8,740.0,1108,3,3
381,12.83,740.0,1105,3,3
382,12.87,740.0,1102,3,3
383,12.9,740.0,1099,3,3
384,12.94,740.0,1096,3,3
385,12.97,740.0,1093,3,3
386,13.0,740.0,1090,3,3
387,13.04,740.0,1087,3,3
388,13.07,740.0,1084,3,3
389,13.11,740.0,1081,3,3
390,13.14,740.0,1078,3,3
391,13.17,740.0,1075,3,3
392,13.21,740.0,1072,3,3
393,13.24,740.0,1069,3,3
394,13.27,740.0,1066,3,3
395,13.31,740.0,1063,3,3
396,13.34,740.0,1060,3,3
397,13.37,740.0,1057,3,3
398,13.41,740.0,1054,3,3
399,13.44,740.0,1051,3,3
400,13.48,740.0,1048,3,3
401,13.51,740.0,1045,3,3
402,13.54,740.0,1042,3,3
403,13.58,740.0,1039,3,3
404,13.61,740.0,1036,3,3
405,13.64,740.0,1033,3,3
406,13.68,740.0,1030,3,3
407,13.71,740.0,1027,3,3
408,13.74,740.0,1024,3,3
409,13.78,740.0,1021,3,3
410,13.81,740.0,1018,3,3
411,13.84,740.0,1015,3,3
412,13.88,740.0,1012,3,3
413,13.91,740.0,1009,3,3
414,13.95,740.0,1006,3,3
415,13.98,740.0,1003,3,3
416,14.01,740.0,1000,3,3
417,14.05,740.0,997,3,3
418,14.08,740.0,994,3,3
419,14.11,740.0,991,3,3
420,14.15,740.0,988,3,3
421,14.18,740.0,985,3,3
422,14.21,740.0,982,3,3
423,14.25,740.0,979,3,3
424,14.28,740.0,976,3,3
425,14.31,740.0,973,3,3
426,14.35,740.0,970,3,3
427,14.38,740.0,967,3,3
428,14.41,740.0,964,3,3
429,14.45,740.0,961,3,3
430,14.48,740.0,958,3,3
431,14.51,740.0,955,3,3
432,14.55,740.0,952,3,3
433,14.58,740.0,949,3,3
434,14.62,740.0,946,3,3
435,14.65,740.0,943,3,3
436,14.68,740.0,940,3,3
437,14.72,740.0,937,3,3
438,14.75,740.0,934,3,3
439,14.79,740.0,931,3,3
440,14.82,740.0,928,3,3
441,14.85,740.0,925,3,3
442,14.89,740.0,922,3,3
443,14.92,740.0,919,3,3
444,14.95,740.0,916,3,3
445,14.99,740.0,913,3,3
446,15.02,740.0,910,3,3
447,15.06,740.0,907,3,3
448,15.09,740.0,904,3,3
449,15.12,740.0,901,3,3
450,15.16,740.0,898,3,3
451,15.19,740.0,895,3,3
452,15.22,740.0,892,3,3
453,15.26,740.0,889,3,3
454,15.29,740.0,886,3,3
455,15.33,740.0,883,3,3
456,15.36,740.0,880,3,3
457,15.39,740.0,877,3,3
458,15.43,740.0,874,3,3
459,15.46,740.0,871,3,3
460,15.49,740.0,868,3,3
461,15.53,740.0,865,3,3
462,15.56,740.0,862,3,3
463,15.6,740.0,859,3,3
464,15.63,740.0,856,3,3
465,15.66,740.0,853,3,3
466,15.7,740.0,850,3,3
467,15.73,740.0,847,3,3
468,15.76,740.0,844,3,3
469,15.8,740.0,841,3,3
470,15.83,740.0,838,3,3
471,15.86,740.0,835,3,3
472,15.9,740.0,832,3,3
473,15.93,740.0,829,3,3
474,15.96,740.0,826,3,3
475,16.0,740.0,823,3,3
476,16.03,740.0,820,3,3
477,16.07,740.0,817,3,3
478,16.1,740.0,814,3,3
479,16.13,740.0,811,3,3
480,16.17,740.0,808,3,3
481,16.2,740.0,805,3,3
482,16.24,740.0,802,3,3
483,16.27,740.0,799,3,3
484,16.3,740.0,796,3,3
485,16.34,740.0,793,3,3
486,16.37,740.0,790,3,3
487,16.41,740.0,787,3,3
488,16.44,740.0,784,3,3
489,16.47,740.0,781,3,3
490,16.51,740.0,778,3,3
491,16.54,740.0,775,3,3
492,16.57,740.0,772,3,3
493,16.61,740.0,769,3,3
494,16.64,740.0,766,3,3
495,16.68,740.0,763,3,3
496,16.71,740.0,760,3,3
497,16.74,740.0,757,3,3
498,16.78,740.0,754,3,3
499,16.81,740.0,751,3,3
500,16.84,740.0,748,3,3
501,16.88,740.0,745,3,3
502,16.91,740.0,742,3,3
503,16.94,740.0,739,3,3
504,16.98,740.0,736,3,3
505,17.01,740.0,733,3,3
506,17.05,740.0,730,3,3
507,17.08,740.0,727,3,3
508,17.11,740.0,724,3,3
509,17.15,740.0,721,3,3
510,17.18,740.0,718,3,3
511,17.21,740.0,715,3,3
512,17.25,740.0,712,3,3
513,17.28,740.0,709,3,3
514,17.31,740.0,706,3,3
515,17.35,740.0,703,3,3
516,17.38,740.0,700,3,3
517,17.41,740.0,697,3,3
518,17.45,740.0,694,3,3
519,17.48,740.0,691,3,3
520,17.52,740.0,688,3,3
521,17.55,740.0,685,3,3
522,17.58,740.0,682,3,3
523,17.62,740.0,679,3,3
524,17.65,740.0,676,3,3
525,17.68,740.0,673,3,3
526,17.72,740.0,670,3,3
527,17.75,740.0,667,3,3
528,17.78,740.0,664,3,3
529,17.82,740.0,661,3,3
530,17.85,740.0,658,3,3
531,17.88,740.0,655,3,3
532,17.92,740.0,652,3,3
533,17.95,740.0,649,3,3
534,17.98,740.0,646,3,3
535,18.02,740.0,643,3,3
536,18.05,740.0,640,3,3
537,18.08,740.0,637,3,3
538,18.12,740.0,634,3,3
539,18.15,740.0,631,3,3
540,18.18,740.0,628,3,3
541,18.22,740.0,625,3,3
542,18.25,740.0,622,3,3
543,18.29,740.0,619,3,3
544,18.32,740.0,616,3,3
545,18.35,740.0,613,3,3
546,18.38,740.0,610,3,3
547,18.42,740.0,607,3,3
548,18.45,740.0,604,3,3
549,18.48,740.0,601,3,3
550,18.52,740.0,598,3,3
551,18.55,740.0,595,3,3
552,18.58,740.0,592,3,3
553,18.62,740.0,589,3,3
554,18.65,740.0,586,3,3
555,18.69,740.0,583,3,3
556,18.72,740.0,580,3,3
557,18.75,740.0,577,3,3
558,18.79,740.0,574,3,3
559,18.82,740.0,571,3,3
560,18.85,740.0,568,3,3
561,18.89,740.0,565,3,3
562,18.92,740.0,562,3,3
563,18.96,740.0,559,3,3
564,18.99,740.0,556,3,3
565,19.02,740.0,553,3,3
566,19.06,740.0,550,3,3
567,19.09,740.0,547,3,3
568,19.13,740.0,544,3,3
569,19.16,740.0,541,3,3
570,19.19,740.0,538,3,3
571,19.23,740.0,535,3,3
572,19.26,740.0,532,3,3
573,19.3,740.0,529,3,3
574,19.33,740.0,526,3,3
575,19.36,740.0,523,3,3
576,19.4,740.0,520,3,3
577,19.43,740.0,517,3,3
578,19.46,740.0,514,3,3
579,19.5,740.0,511,3,3
580,19.53,740.0,508,3,3
581,19.56,740.0,505,3,3
582,19.6,740.0,502,3,3
583,19.63,740.0,499,3,3
584,19.66,740.0,496,3,3
585,19.7,740.0,493,3,3
586,19.73,740.0,490,3,3
587,19.76,740.0,487,3,3
588,19.8,740.0,484,3,3
589,19.83,740.0,481,3,3
590,19.87,740.0,478,3,3
591,19.9,740.0,475,3,3
592,19.93,740.0,472,3,3
593,19.97,740.0,469,3,3
594,20.0,740.0,466,3,3
595,20.03,740.0,463,3,3
596,20.07,740.0,460,3,3
597,20.1,740.0,457,3,3
598,20.13,740.0,454,3,3
599,20.17,740.0,451,3,3
600,20.2,740.0,448,3,3
601,20.23,740.0,445,3,3
602,20.27,740.0,442,3,3
603,20.3,740.0,439,3,3
604,20.33,740.0,436,3,3
605,20.37,740.0,433,3,3
606,20.4,740.0,430,3,3
607,20.44,740.0,427,3,3
608,20.47,740.0,424,3,3
609,20.5,740.0,421,3,3
610,20.54,740.0,418,3,3
611,20.57,740.0,415,3,3
612,20.6,740.0,412,3,3
613,20.64,740.0,409,3,3
614,20.67,740.0,406,3,3
615,20.71,740.0,403,3,3
616,20.74,740.0,400,3,3
617,20.77,740.0,397,3,3
618,20.8,740.0,394,3,3
619,20.84,740.0,391,3,3
620,20.87,740.0,388,3,3
621,20.9,740.0,385,3,3
622,20.94,740.0,382,3,3
623,20.97,740.0,379,3,3
624,21.0,740.0,376,3,3
625,21.04,740.0,373,3,3
626,21.07,740.0,370,3,3
627,21.1,740.0,367,3,3
628,21.14,740.0,364,3,3
629,21.17,740.0,361,3,3
630,21.2,740.0,358,3,3
631,21.24,740.0,355,3,3
632,21.27,740.0,352,3,3
633,21.3,740.0,349,3,3
634,21.34,740.0,346,3,3
635,21.37,740.0,343,3,3
636,21.4,740.0,340,3,3
637,21.44,740.0,337,3,3
638,21.47,740.0,334,3,3
639,21.5,740.0,331,3,3
640,21.54,740.0,328,3,3
641,21.57,740.0,325,3,3
642,21.61,740.0,322,3,3
643,21.64,740.0,319,3,3
644,21.67,740.0,316,3,3
645,21.71,740.0,313,3,3
646,21.74,740.0,310,3,3
647,21.77,740.0,307,3,3
648,21.81,740.0,304,3,3
649,21.84,740.0,301,3,3
650,21.87,740.0,298,3,3
651,21.91,740.0,295,3,3
652,21.94,740.0,292,3,3
653,21.97,740.0,289,3,3
654,22.01,740.0,286,3,3
655,22.04,740.0,283,3,3
656,22.08,740.0,280,3,3
657,22.11,740.0,277,3,3
658,22.14,740.0,274,3,3
659,22.18,740.0,271,3,3
660,22.21,740.0,268,3,3
661,22.24,740.0,265,3,3
662,22.28,740.0,262,3,3
663,22.31,740.0,259,3,3
664,22.34,740.0,256,3,3
665,22.38,740.0,253,3,3
666,22.41,740.0,250,3,3
667,22.44,740.0,247,3,3
668,22.48,740.0,244,3,3
669,22.51,740.0,241,3,3
670,22.55,740.0,238,3,3
671,22.58,740.0,235,3,3
672,22.61,740.0,232,3,3
673,22.64,740.0,229,3,3
674,22.68,740.0,226,3,3
675,22.71,740.0,223,3,3
676,22.74,740.0,220,3,3
677,22.78,740.0,217,3,3
678,22.81,740.0,214,3,3
679,22.84,740.0,211,3,3
680,22.88,740.0,208,3,3
681,22.91,740.0,205,3,3
682,22.95,740.0,202,3,3
683,22.98,740.0,199,3,3
684,23.01,740.0,196,3,3
685,23.05,740.0,193,3,3
686,23.08,740.0,190,3,3
687,23.11,740.0,187,3,3
688,23.15,740.0,184,3,3
689,23.18,740.0,181,3,3
690,23.21,740.0,178,3,3
691,23.25,740.0,175,3,3
692,23.28,740.0,172,3,3
693,23.32,740.0,169,3,3
694,23.35,740.0,166,3,3
695,23.38,740.0,163,3,3
696,23.42,740.0,160,3,3
697,23.45,740.0,157,3,3
698,23.48,740.0,154,3,3
699,23.52,740.0,151,3,3
700,23.55,740.0,148,3,3
701,23.58,740.0,145,3,3
702,23.62,740.0,142,3,3
703,23.65,740.0,139,3,3
704,23.68,740.0,136,3,3
705,23.72,740.0,133,3,3
706,23.75,740.0,130,3,3
707,23.78,740.0,127,3,3
708,23.82,740.0,124,3,3
709,23.85,740.0,121,3,3
710,23.88,740.0,118,3,3
711,23.92,740.0,115,3,3
712,23.95,740.0,112,3,3
713,23.98,740.0,109,3,3
714,24.02,740.0,106,3,3
715,24.05,740.0,103,3,3
716,24.09,740.0,100,3,3
717,24.12,740.0,97,3,3
718,24.15,740.0,94,3,3
719,24.19,740.0,91,3,3
720,24.22,740.0,88,3,3
721,24.25,740.0,85,3,3
722,24.29,740.0,82,3,3
723,24.32,740.0,79,3,3
724,24.35,740.0,76,3,3
725,24.39,740.0,73,3,3
726,24.42,740.0,70,3,3
727,24.45,740.0,67,3,3
728,24.49,740.0,64,3,3
729,24.52,740.0,61,3,3
730,24.55,740.0,58,3,3
731,24.59,740.0,55,3,3
732,24.62,740.0,52,3,3
733,24.66,740.0,49,3,3
734,24.69,740.0,46,3,3
735,24.72,740.0,43,3,3
736,24.76,740.0,40,3,3
737,24.79,740.0,37,3,3
738,24.82,740.0,34,3,3
739,24.86,740.0,31,3,3
740,24.89,740.0,28,3,3
741,24.92,740.0,25,3,3
742,24.96,740.0,22,3,3
743,24.99,740.0,19,3,3
744,25.02,740.0,16,3,3
745,25.06,740.0,13,3,3
746,25.09,740.0,10,3,3
747,25.13,740.0,7,3,3
748,25.16,740.0,4,3,3
749,25.19,740.0,1,3,3
750,25.23,740.0,0,3,3
751,25.26,743.0,0,3,3
752,25.29,746.0,0,3,3
753,25.32,749.0,0,3,3
754,25.36,752.0,0,3,3
755,25.39,755.0,0,3,3
756,25.42,758.0,0,3,3
757,25.46,761.0,0,3,3
758,25.49,764.0,0,3,3
759,25.52,767.0,0,3,3
760,25.56,770.0,0,3,3
761,25.59,773.0,0,3,3
762,25.62,776.0,0,3,3
763,25.66,779.0,0,3,3
764,25.69,782.0,0,3,3
765,25.73,785.0,0,3,3
766,25.76,788.0,0,3,3
767,25.79,791.0,0,3,3
768,25.83,794.0,0,3,3
769,25.86,797.0,0,3,3
770,25.89,800.0,0,3,3
771,25.93,803.0,0,3,3
772,25.96,806.0,0,3,3
773,26.0,809.0,0,3,3
774,26.03,812.0,0,3,3
775,26.06,815.0,0,3,3
776,26.1,818.0,0,3,3
777,26.13,821.0,0,3,3
778,26.16,824.0,0,3,3
779,26.2,827.0,0,3,3
780,26.23,830.0,0,3,3
781,26.27,833.0,0,3,3
782,26.3,836.0,0,3,3
783,26.33,839.0,0,3,3
784,26.37,840.0,0,3,3
785,26.4,840.0,3,3,3
786,26.43,840.0,6,3,3
787,26.47,840.0,9,3,3
788,26.5,840.0,12,3,3
789,26.53,840.0,15,3,3
790,26.57,840.0,18,3,3
791,26.6,840.0,21,3,3
792,26.64,840.0,24,3,3
793,26.67,840.0,27,3,3
794,26.7,840.0,30,3,3
795,26.74,840.0,33,3,3
796,26.77,840.0,36,3,3
797,26.8,840.0,39,3,3
798,26.84,840.0,42,3,3
799,26.87,840.0,45,3,3
800,26.9,840.0,48,3,3
801,26.94,840.0,51,3,3
802,26.97,840.0,54,3,3
803,27.01,840.0,57,3,3
804,27.04,840.0,60,3,3
805,27.07,840.0,63,3,3
806,27.11,840.0,66,3,3
807,27.14,840.0,69,3,3
808,27.17,840.0,72,3,3
809,27.21,840.0,75,3,3
810,27.24,840.0,78,3,3
811,27.27,840.0,81,3,3
812,27.31,840.0,84,3,3
813,27.34,840.0,87,3,3
814,27.38,840.0,90,3,3
815,27.41,840.0,93,3,3
816,27.44,840.0,96,3,3
817,27.48,840.0,99,3,3
818,27.51,840.0,102,3,3
819,27.54,840.0,105,3,3
820,27.58,840.0,108,3,3
821,27.61,840.0,111,3,3
822,27.65,840.0,114,3,3
823,27.68,840.0,117,3,3
824,27.71,840.0,120,3,3
825,27.75,840.0,123,3,3
826,27.78,840.0,126,3,3
827,27.81,840.0,129,3,3
828,27.85,840.0,132,3,3
829,27.88,840.0,135,3,3
830,27.91,840.0,138,3,3
831,27.95,840.0,141,3,3
832,27.98,840.0,144,3,3
833,28.01,840.0,147,3,3
834,28.05,840.0,150,3,3
835,28.08,840.0,153,3,3
836,28.11,840.0,156,3,3
837,28.15,840.0,159,3,3
838,28.18,840.0,162,3,3
839,28.22,840.0,165,3,3
840,28.25,840.0,168,3,3
841,28.28,840.0,171,3,3
842,28.32,840.0,174,3,3
843,28.35,840.0,177,3,3
844,28.38,840.0,180,3,3
845,28.42,840.0,183,3,3
846,28.45,840.0,186,3,3
847,28.48,840.0,189,3,3
848,28.52,840.0,192,3,3
849,28.55,840.0,195,3,3
850,28.58,840.0,198,3,3
851,28.62,840.0,201,3,3
852,28.65,840.0,204,3,3
853,28.68,840.0,207,3,3
854,28.72,840.0,210,3,3
855,28.75,840.0,213,3,3
856,28.78,840.0,216,3,3
857,28.82,840.0,219,3,3
858,28.85,840.0,222,3,3
859,28.88,840.0,225,3,3
860,28.92,840.0,228,3,3
861,28.95,840.0,231,3,3
862,28.99,840.0,234,3,3
863,29.02,840.0,237,3,3
864,29.05,840.0,240,3,3
865,29.09,840.0,243,3,3
866,29.12,840.0,246,3,3
867,29.15,840.0,249,3,3
868,29.19,840.0,252,3,3
869,29.22,840.0,255,3,3
870,29.26,840.0,258,3,3
871,29.29,840.0,261,3,3
872,29.32,840.0,264,3,3
873,29.36,840.0,267,3,3
874,29.39,840.0,270,3,3
875,29.43,840.0,273,3,3
876,29.46,840.0,276,3,3
877,29.49,840.0,279,3,3
878,29.53,840.0,282,3,3
879,29.56,840.0,285,3,3
880,29.59,840.0,288,3,3
881,29.63,840.0,291,3,3
882,29.66,840.0,294,3,3
883,29.69,840.0,297,3,3
884,29.73,840.0,300,3,3
885,29.76,840.0,303,3,3
886,29.8,840.0,306,3,3
887,29.83,840.0,309,3,3
888,29.86,840.0,312,3,3
889,29.9,840.0,315,3,3
890,29.93,840.0,318,3,3
891,29.96,840.0,321,3,3
892,30.0,840.0,324,3,3
893,30.03,840.0,327,3,3
894,30.06,840.0,330,3,3
895,30.1,840.0,333,3,3
896,30.13,840.0,336,3,3
897,30.16,840.0,339,3,3
898,30.2,840.0,342,3,3
899,30.23,840.0,345,3,3
900,30.27,840.0,348,3,3
901,30.3,840.0,351,3,3
902,30.33,840.0,354,3,3
903,30.37,840.0,357,3,3
904,30.4,840.0,360,3,3
905,30.43,840.0,363,3,3
906,30.47,840.0,366,3,3
907,30.5,840.0,369,3,3
908,30.53,840.0,372,3,3
909,30.57,840.0,375,3,3
910,30.6,840.0,378,3,3
911,30.64,840.0,381,3,3
912,30.67,840.0,384,3,3
913,30.7,840.0,387,3,3
914,30.74,840.0,390,3,3
915,30.77,840.0,393,3,3
916,30.8,840.0,396,3,3
917,30.84,840.0,399,3,3
918,30.87,840.0,402,3,3
919,30.9,840.0,405,3,3
920,30.94,840.0,408,3,3
921,30.97,840.0,411,3,3
922,31.0,840.0,414,3,3
923,31.04,840.0,417,3,3
924,31.07,840.0,420,3,3
925,31.11,840.0,423,3,3
926,31.14,840.0,426,3,3
927,31.17,840.0,429,3,3
928,31.21,840.0,432,3,3
929,31.24,840.0,435,3,3
930,31.27,840.0,438,3,3
931,31.31,840.0,441,3,3
932,31.34,840.0,444,3,3
933,31.37,840.0,447,3,3
934,31.41,840.0,450,3,3
935,31.44,840.0,453,3,3
936,31.48,840.0,456,3,3
937,31.51,840.0,459,3,3
938,31.54,840.0,462,3,3
939,31.58,840.0,465,3,3
940,31.61,840.0,468,3,3
941,31.64,840.0,471,3,3
942,31.68,840.0,474,3,3
943,31.71,840.0,477,3,3
944,31.75,840.0,480,3,3
945,31.78,840.0,483,3,3
946,31.81,840.0,486,3,3
947,31.85,840.0,489,3,3
948,31.88,840.0,492,3,3
949,31.91,840.0,495,3,3
950,31.95,840.0,498,3,3
951,31.98,840.0,501,3,3
952,32.02,840.0,504,3,3
953,32.05,840.0,507,3,3
954,32.08,840.0,510,3,3
955,32.12,840.0,513,3,3
956,32.15,840.0,516,3,3
957,32.18,840.0,519,3,3
958,32.22,840.0,522,3,3
959,32.25,840.0,525,3,3
960,32.28,840.0,528,3,3
961,32.32,840.0,531,3,3
962,32.35,840.0,534,3,3
963,32.39,840.0,537,3,3
964,32.42,840.0,540,3,3
965,32.45,840.0,543,3,3
966,32.49,840.0,546,3,3
967,32.52,840.0,549,3,3
968,32.56,840.0,552,3,3
969,32.59,840.0,555,3,3
970,32.62,840.0,558,3,3
971,32.66,840.0,561,3,3
972,32.69,840.0,564,3,3
973,32.72,840.0,567,3,3
974,32.76,840.0,570,3,3
975,32.79,840.0,573,3,3
976,32.82,840.0,576,3,3
977,32.86,840.0,579,3,3
978,32.89,840.0,582,3,3
979,32.93,840.0,585,3,3
980,32.96,840.0,588,3,3
981,32.99,840.0,591,3,3
982,33.03,840.0,594,3,3
983,33.06,840.0,597,3,3
984,33.09,840.0,600,3,3
985,33.13,840.0,603,3,3
986,33.16,840.0,606,3,3
987,33.19,840.0,609,3,3
988,33.23,840.0,612,3,3
989,33.26,840.0,615,3,3
990,33.29,840.0,618,3,3
991,33.33,840.0,621,3,3
992,33.36,840.0,624,3,3
993,33.4,840.0,627,3,3
994,33.43,840.0,630,3,3
995,33.46,840.0,633,3,3
996,33.5,840.0,636,3,3
997,33.53,840.0,639,3,3
998,33.56,840.0,642,3,3
999,33.6,840.0,645,3,3
1000,33.63,840.0,648,3,3
1001,33.66,840.0,651,3,3
1002,33.7,840.0,654,3,3
1003,33.73,840.0,657,3,3
1004,33.76,840.0,660,3,3
1005,33.8,840.0,663,3,3
1006,33.83,840.0,666,3,3
1007,33.87,840.0,669,3,3
1008,33.9,840.0,672,3,3
1009,33.93,840.0,675,3,3
1010,33.97,840.0,678,3,3
1011,34.0,840.0,681,3,3
1012,34.04,840.0,684,3,3
1013,34.07,840.0,687,3,3
1014,34.1,840.0,690,3,3
1015,34.14,840.0,693,3,3
1016,34.17,840.0,696,3,3
1017,34.21,840.0,699,3,3
1018,34.24,840.0,702,3,3
1019,34.27,840.0,705,3,3
1020,34.31,840.0,708,3,3
1021,34.34,840.0,711,3,3
1022,34.37,840.0,714,3,3
1023,34.41,840.0,717,3,3
1024,34.44,840.0,720,3,3
1025,34.48,840.0,723,3,3
1026,34.51,840.0,726,3,3
1027,34.54,840.0,729,3,3
1028,34.58,840.0,732,3,3
1029,34.61,840.0,735,3,3
1030,34.64,840.0,738,3,3
1031,34.68,840.0,741,3,3
1032,34.71,840.0,744,3,3
1033,34.75,840.0,747,3,3
1034,34.78,840.0,750,3,3
1035,34.81,840.0,753,3,3
1036,34.85,840.0,756,3,3
1037,34.88,840.0,759,3,3
1038,34.91,840.0,762,3,3
1039,34.95,840.0,765,3,3
1040,34.98,840.0,768,3,3
1041,35.01,840.0,771,3,3
1042,35.05,840.0,774,3,3
1043,35.08,840.0,777,3,3
1044,35.12,840.0,780,3,3
1045,35.15,840.0,783,3,3
1046,35.18,840.0,786,3,3
1047,35.22,840.0,789,3,3
1048,35.25,840.0,792,3,3
1049,35.28,840.0,795,3,3
1050,35.32,840.0,798,3,3
1051,35.35,840.0,801,3,3
1052,35.38,840.0,804,3,3
1053,35.42,840.0,807,3,3
1054,35.45,840.0,810,3,3
1055,35.48,840.0,813,3,3
1056,35.52,840.0,816,3,3
1057,35.55,840.0,819,3,3
1058,35.58,840.0,822,3,3
1059,35.62,840.0,825,3,3
1060,35.65,840.0,828,3,3
1061,35.68,840.0,831,3,3
1062,35.72,840.0,834,3,3
1063,35.75,840.0,837,3,3
1064,35.79,840.0,840,3,3
1065,35.82,840.0,843,3,3
1066,35.85,840.0,846,3,3
1067,35.89,840.0,849,3,3
1068,35.92,840.0,852,3,3
1069,35.95,840.0,855,3,3
1070,35.99,840.0,858,3,3
1071,36.02,840.0,861,3,3
1072,36.05,840.0,864,3,3
1073,36.09,840.0,867,3,3
1074,36.12,840.0,870,3,3
1075,36.16,840.0,873,3,3
1076,36.19,840.0,876,3,3
1077,36.22,840.0,879,3,3
1078,36.26,840.0,882,3,3
1079,36.29,840.0,885,3,3
1080,36.32,840.0,888,3,3
1081,36.36,840.0,891,3,3
1082,36.39,840.0,894,3,3
1083,36.42,840.0,897,3,3
1084,36.46,840.0,900,3,3
1085,36.49,840.0,903,3,3
1086,36.52,840.0,906,3,3
1087,36.56,840.0,909,3,3
1088,36.59,840.0,912,3,3
1089,36.63,840.0,915,3,3
1090,36.66,840.0,918,3,3
1091,36.69,840.0,921,3,3
1092,36.73,840.0,924,3,3
1093,36.76,840.0,927,3,3
1094,36.79,840.0,930,3,3
1095,36.83,840.0,933,3,3
1096,36.86,840.0,936,3,3
1097,36.89,840.0,939,3,3
1098,36.93,840.0,942,3,3
1099,36.96,840.0,945,3,3
1100,36.99,840.0,948,3,3
1101,37.03,840.0,951,3,3
1102,37.06,840.0,954,3,3
1103,37.1,840.0,957,3,3
1104,37.13,840.0,960,3,3
1105,37.16,840.0,963,3,3
1106,37.2,840.0,966,3,3
1107,37.23,840.0,969,3,3
1108,37.26,840.0,972,3,3
1109,37.3,840.0,975,3,3
1110,37.33,840.0,978,3,3
1111,37.36,840.0,981,3,3
1112,37.4,840.0,984,3,3
1113,37.43,840.0,987,3,3
1114,37.47,840.0,990,3,3
1115,37.5,840.0,993,3,3
1116,37.53,840.0,996,3,3
1117,37.56,840.0,999,3,3
1118,37.6,840.0,1002,3,3
1119,37.63,840.0,1005,3,3
1120,37.67,840.0,1008,3,3
1121,37.7,840.0,1011,3,3
1122,37.74,840.0,1014,3,3
1123,37.77,840.0,1017,3,3
1124,37.8,840.0,1020,3,3
1125,37.84,840.0,1023,3,3
1126,37.87,840.0,1026,3,3
1127,37.9,840.0,1029,3,3
1128,37.94,840.0,1032,3,3
1129,37.97,840.0,1035,3,3
1130,38.01,840.0,1038,3,3
1131,38.04,840.0,1041,3,3
1132,38.08,840.0,1044,3,3
1133,38.11,840.0,1047,3,3
1134,38.14,840.0,1050,3,3
1135,38.18,840.0,1053,3,3
1136,38.21,840.0,1056,3,3
1137,38.24,840.0,1059,3,3
1138,38.28,840.0,1062,3,3
1139,38.31,840.0,1065,3,3
1140,38.35,840.0,1068,3,3
1141,38.38,840.0,1071,3,3
1142,38.41,840.0,1074,3,3
1143,38.45,840.0,1077,3,3
1144,38.48,840.0,1080,3,3
1145,38.51,840.0,1083,3,3
1146,38.55,840.0,1086,3,3
1147,38.58,840.0,1089,3,3
1148,38.61,840.0,1092,3,3
1149,38.65,840.0,1095,3,3
1150,38.68,840.0,1098,3,3
1151,38.71,840.0,1101,3,3
1152,38.75,840.0,1104,3,3
1153,38.78,840.0,1107,3,3
1154,38.81,840.0,1110,3,3
1155,38.85,840.0,1113,3,3
1156,38.88,840.0,1116,3,3
1157,38.91,840.0,1119,3,3
1158,38.95,840.0,1122,3,3
1159,38.98,840.0,1125,3,3
1160,39.02,840.0,1128,3,3
1161,39.05,840.0,1131,3,3
1162,39.08,840.0,1134,3,3
1163,39.11,840.0,1137,3,3
1164,39.15,840.0,1140,3,3
1165,39.18,840.0,1143,3,3
1166,39.22,840.0,1146,3,3
1167,39.25,840.0,1149,3,3
1168,39.28,840.0,1152,3,3
1169,39.32,840.0,1155,3,3
1170,39.35,840.0,1158,3,3
1171,39.38,840.0,1161,3,3
1172,39.42,840.0,1164,3,3
1173,39.45,840.0,1167,3,3
1174,39.48,840.0,1170,3,3
1175,39.52,840.0,1173,3,3
1176,39.55,840.0,1176,3,3
1177,39.59,840.0,1179,3,3
1178,39.62,840.0,1182,3,3
1179,39.65,840.0,1185,3,3
1180,39.69,840.0,1188,3,3
1181,39.72,840.0,1191,3,3
1182,39.75,840.0,1194,3,3
1183,39.79,840.0,1197,3,3
1184,39.82,840.0,1200,3,3
1185,39.86,840.0,1203,3,3
1186,39.89,840.0,1206,3,3
1187,39.92,840.0,1209,3,3
1188,39.96,840.0,1212,3,3
1189,39.99,840.0,1215,3,3
1190,40.02,840.0,1218,3,3
1191,40.06,840.0,1221,3,3
1192,40.09,840.0,1224,3,3
1193,40.12,840.0,1227,3,3
1194,40.15,840.0,1230,3,3
1195,40.19,840.0,1233,3,3
1196,40.22,840.0,1236,3,3
1197,40.26,840.0,1239,3,3
1198,40.29,840.0,1240,3,3
1199,40.32,843.0,1240,3,3
1200,40.36,846.0,1240,3,3
1201,40.39,849.0,1240,3,3
1202,40.42,852.0,1240,3,3
1203,40.46,855.0,1240,3,3
1204,40.49,858.0,1240,3,3
1205,40.53,861.0,1240,3,3
1206,40.56,864.0,1240,3,3
1207,40.59,867.0,1240,3,3
1208,40.63,870.0,1240,3,3
1209,40.66,873.0,1240,3,3
1210,40.69,876.0,1240,3,3
1211,40.73,879.0,1240,3,3
1212,40.76,882.0,1240,3,3
1213,40.79,885.0,1240,3,3
1214,40.83,888.0,1240,3,3
1215,40.86,891.0,1240,3,3
1216,40.89,894.0,1240,3,3
1217,40.93,897.0,1240,3,3
1218,40.96,900.0,1240,3,3
1219,40.99,903.0,1240,3,3
1220,41.03,906.0,1240,3,3
1221,41.06,909.0,1240,3,3
1222,41.09,912.0,1240,3,3
1223,41.13,915.0,1240,3,3
1224,41.16,918.0,1240,3,3
1225,41.19,921.0,1240,3,3
1226,41.23,924.0,1240,3,3
1227,41.26,927.0,1240,3,3
1228,41.3,930.0,1240,3,3
1229,41.33,933.0,1240,3,3
1230,41.36,936.0,1240,3,3
1231,41.4,939.0,1240,3,3
1232,41.43,940.0,1240,3,3
1233,41.46,940.0,1237,3,3
1234,41.5,940.0,1234,3,3
1235,41.53,940.0,1231,3,3
1236,41.57,940.0,1228,3,3
1237,41.6,940.0,1225,3,3
1238,41.63,940.0,1222,3,3
1239,41.67,940.0,1219,3,3
1240,41.7,940.0,1216,3,3
1241,41.73,940.0,1213,3,3
1242,41.77,940.0,1210,3,3
1243,41.8,940.0,1207,3,3
1244,41.83,940.0,1204,3,3
1245,41.87,940.0,1201,3,3
1246,41.9,940.0,1198,3,3
1247,41.93,940.0,1195,3,3
1248,41.97,940.0,1192,3,3
1249,42.0,940.0,1189,3,3
1250,42.03,940.0,1186,3,3
1251,42.07,940.0,1183,3,3
1252,42.1,940.0,1180,3,3
1253,42.14,940.0,1177,3,3
1254,42.17,940.0,1174,3,3
1255,42.2,940.0,1171,3,3
1256,42.24,940.0,1168,3,3
1257,42.27,940.0,1165,3,3
1258,42.3,940.0,1162,3,3
1259,42.34,940.0,1159,3,3
1260,42.37,940.0,1156,3,3
1261,42.4,940.0,1153,3,3
1262,42.44,940.0,1150,3,3
1263,42.47,940.0,1147,3,3
1264,42.5,940.0,1144,3,3
1265,42.54,940.0,1141,3,3
1266,42.57,940.0,1138,3,3
1267,42.6,940.0,1135,3,3
1268,42.64,940.0,1132,3,3
1269,42.67,940.0,1129,3,3
1270,42.71,940.0,1126,3,3
1271,42.74,940.0,1123,3,3
1272,42.77,940.0,1120,3,3
1273,42.81,940.0,1117,3,3
1274,42.84,940.0,1114,3,3
1275,42.87,940.0,1111,3,3
1276,42.91,940.0,1108,3,3
1277,42.94,940.0,1105,3,3
1278,42.97,940.0,1102,3,3
1279,43.01,940.0,1099,3,3
1280,43.04,940.0,1096,3,3
1281,43.07,940.0,1093,3,3
1282,43.11,940.0,1090,3,3
1283,43.14,940.0,1087,3,3
1284,43.18,940.0,1084,3,3
1285,43.21,940.0,1081,3,3
1286,43.24,940.0,1078,3,3
1287,43.28,940.0,1075,3,3
1288,43.31,940.0,1072,3,3
1289,43.35,940.0,1069,3,3
1290,43.38,940.0,1066,3,3
1291,43.41,940.0,1063,3,3
1292,43.45,940.0,1060,3,3
1293,43.48,940.0,1057,3,3
1294,43.51,940.0,1054,3,3
1295,43.55,940.0,1051,3,3
1296,43.58,940.0,1048,3,3
1297,43.61,940.0,1045,3,3
1298,43.65,940.0,1042,3,3
1299,43.68,940.0,1039,3,3
1300,43.71,940.0,1036,3,3
1301,43.75,940.0,1033,3,3
1302,43.78,940.0,1030,3,3
1303,43.81,940.0,1027,3,3
1304,43.85,940.0,1024,3,3
1305,43.88,940.0,1021,3,3
1306,43.91,940.0,1018,3,3
1307,43.95,940.0,1015,3,3
1308,43.98,940.0,1012,3,3
1309,44.02,940.0,1009,3,3
1310,44.05,940.0,1006,3,3
1311,44.08,940.0,1003,3,3
1312,44.12,940.0,1000,3,3
1313,44.15,940.0,997,3,3
1314,44.19,940.0,994,3,3
1315,44.22,940.0,991,3,3
1316,44.25,940.0,988,3,3
1317,44.29,940.0,985,3,3
1318,44.32,940.0,982,3,3
1319,44.35,940.0,979,3,3
1320,44.39,940.0,976,3,3
1321,44.42,940.0,973,3,3
1322,44.45,940.0,970,3,3
1323,44.49,940.0,967,3,3
1324,44.52,940.0,964,3,3
1325,44.55,940.0,961,3,3
1326,44.59,940.0,958,3,3
1327,44.62,940.0,955,3,3
1328,44.65,940.0,952,3,3
1329,44.69,940.0,949,3,3
1330,44.72,940.0,946,3,3
1331,44.76,940.0,943,3,3
1332,44.79,940.0,940,3,3
1333,44.82,940.0,937,3,3
1334,44.85,940.0,934,3,3
1335,44.89,940.0,931,3,3
1336,44.92,940.0,928,3,3
1337,44.95,940.0,925,3,3
1338,44.99,940.0,922,3,3
1339,45.02,940.0,919,3,3
1340,45.05,940.0,916,3,3
1341,45.09,940.0,913,3,3
1342,45.12,940.0,910,3,3
1343,45.16,940.0,907,3,3
1344,45.19,940.0,904,3,3
1345,45.22,940.0,901,3,3
1346,45.26,940.0,898,3,3
1347,45.29,940.0,895,3,3
1348,45.32,940.0,892,3,3
1349,45.36,940.0,889,3,3
1350,45.39,940.0,886,3,3
1351,45.42,940.0,883,3,3
1352,45.46,940.0,880,3,3
1353,45.49,940.0,877,3,3
1354,45.52,940.0,874,3,3
1355,45.56,940.0,871,3,3
1356,45.59,940.0,868,3,3
1357,45.62,940.0,865,3,3
1358,45.66,940.0,862,3,3
1359,45.69,940.0,859,3,3
1360,45.72,940.0,856,3,3
1361,45.76,940.0,853,3,3
1362,45.79,940.0,850,3,3
1363,45.82,940.0,847,3,3
1364,45.86,940.0,844,3,3
1365,45.89,940.0,841,3,3
1366,45.92,940.0,838,3,3
1367,45.96,940.0,835,3,3
1368,45.99,940.0,832,3,3
1369,46.02,940.0,829,3,3
1370,46.06,940.0,826,3,3
1371,46.09,940.0,823,3,3
1372,46.12,940.0,820,3,3
1373,46.16,940.0,817,3,3
1374,46.19,940.0,814,3,3
1375,46.22,940.0,811,3,3
1376,46.26,940.0,808,3,3
1377,46.29,940.0,805,3,3
1378,46.33,940.0,802,3,3
1379,46.36,940.0,799,3,3
1380,46.39,940.0,796,3,3
1381,46.43,940.0,793,3,3
1382,46.46,940.0,790,3,3
1383,46.49,940.0,787,3,3
1384,46.53,940.0,784,3,3
1385,46.56,940.0,781,3,3
1386,46.59,940.0,778,3,3
1387,46.63,940.0,775,3,3
1388,46.66,940.0,772,3,3
1389,46.7,940.0,769,3,3
1390,46.73,940.0,766,3,3
1391,46.76,940.0,763,3,3
1392,46.8,940.0,760,3,3
1393,46.83,940.0,757,3,3
1394,46.86,940.0,754,3,3
1395,46.9,940.0,751,3,3
1396,46.93,940.0,748,3,3
1397,46.97,940.0,745,3,3
1398,47.0,940.0,742,3,3
1399,47.03,940.0,739,3,3
1400,47.07,940.0,736,3,3
1401,47.1,940.0,733,3,3
1402,47.13,940.0,730,3,3
1403,47.17,940.0,727,3,3
1404,47.2,940.0,724,3,3
1405,47.23,940.0,721,3,3
1406,47.27,940.0,718,3,3
1407,47.3,940.0,715,3,3
1408,47.34,940.0,712,3,3
1409,47.37,940.0,709,3,3
1410,47.4,940.0,706,3,3
1411,47.44,940.0,703,3,3
1412,47.47,940.0,700,3,3
1413,47.5,940.0,697,3,3
1414,47.54,940.0,694,3,3
1415,47.57,940.0,691,3,3
1416,47.6,940.0,688,3,3
1417,47.64,940.0,685,3,3
1418,47.67,940.0,682,3,3
1419,47.7,940.0,679,3,3
1420,47.74,940.0,676,3,3
1421,47.77,940.0,673,3,3
1422,47.81,940.0,670,3,3
1423,47.84,940.0,667,3,3
1424,47.87,940.0,664,3,3
1425,47.91,940.0,661,3,3
1426,47.94,940.0,658,3,3
1427,47.97,940.0,655,3,3
1428,48.01,940.0,652,3,3
1429,48.04,940.0,649,3,3
1430,48.07,940.0,646,3,3
1431,48.11,940.0,643,3,3
1432,48.14,940.0,640,3,3
1433,48.17,940.0,637,3,3
1434,48.21,940.0,634,3,3
1435,48.24,940.0,631,3,3
1436,48.28,940.0,628,3,3
1437,48.31,940.0,625,3,3
1438,48.34,940.0,622,3,3
1439,48.38,940.0,619,3,3
1440,48.41,940.0,616,3,3
1441,48.44,940.0,613,3,3
1442,48.48,940.0,610,3,3
1443,48.51,940.0,607,3,3
1444,48.54,940.0,604,3,3
1445,48.58,940.0,601,3,3
1446,48.61,940.0,598,3,3
1447,48.64,940.0,595,3,3
1448,48.68,940.0,592,3,3
1449,48.71,940.0,589,3,3
1450,48.74,940.0,586,3,3
1451,48.78,940.0,583,3,3
1452,48.81,940.0,580,3,3
1453,48.85,940.0,577,3,3
1454,48.88,940.0,574,3,3
1455,48.91,940.0,571,3,3
1456,48.95,940.0,568,3,3
1457,48.98,940.0,565,3,3
1458,49.01,940.0,562,3,3
1459,49.05,940.0,559,3,3
1460,49.08,940.0,556,3,3
1461,49.11,940.0,553,3,3
1462,49.15,940.0,550,3,3
1463,49.18,940.0,547,3,3
1464,49.21,940.0,544,3,3
1465,49.25,940.0,541,3,3
1466,49.28,940.0,538,3,3
1467,49.31,940.0,535,3,3
1468,49.35,940.0,532,3,3
1469,49.38,940.0,529,3,3
1470,49.41,940.0,526,3,3
1471,49.45,940.0,523,3,3
1472,49.48,940.0,520,3,3
1473,49.51,940.0,517,3,3
1474,49.55,940.0,514,3,3
1475,49.58,940.0,511,3,3
1476,49.61,940.0,508,3,3
1477,49.65,940.0,505,3,3
1478,49.68,940.0,502,3,3
1479,49.71,940.0,499,3,3
1480,49.75,940.0,496,3,3
1481,49.78,940.0,493,3,3
1482,49.82,940.0,490,3,3
1483,49.85,940.0,487,3,3
1484,49.88,940.0,484,3,3
1485,49.92,940.0,481,3,3
1486,49.95,940.0,478,3,3
1487,49.98,940.0,475,3,3
