Frame,time,Pitch_rad,Yaw_rad,Pitch_deg,Yaw_deg,x_cordinate,y_cordinate,Distance_cm
0,0.0,0.34198478,0.05727954,19.594284,3.2818756,0,479,87.36337
1,0.03333333333333333,0.3270362,0.047734234,18.737793,2.73497,42,516,87.36337
2,0.06666666666666667,0.33185756,0.05045439,19.014036,2.8908234,22,506,87.36337
3,0.1,0.33135504,0.040894438,18.985245,2.3430786,24,546,87.36337
4,0.13333333333333333,0.32779837,0.032196555,18.781462,1.8447267,39,583,87.36337
5,0.16666666666666666,0.31365272,0.0383165,17.970976,2.1953735,96,555,87.36337
6,0.2,0.3282972,0.040330645,18.810043,2.3107755,37,548,87.36337
7,0.23333333333333334,0.33598202,0.043601543,19.25035,2.4981842,5,535,87.36337
8,0.26666666666666666,0.33433616,0.04089124,19.15605,2.3428955,12,547,87.36337
9,0.3,0.3109965,0.03681021,17.818787,2.1090696,107,561,87.36337
10,0.3333333333333333,0.20740247,0.024093352,11.8832855,1.3804473,512,607,87.36337
11,0.36666666666666664,0.2001134,0.011785021,11.465652,0.67523193,539,664,87.36337
12,0.4,0.19278036,-0.008806542,11.045501,-0.50457764,567,761,87.36337
13,0.43333333333333335,0.19174655,-0.005759885,10.986267,-0.3300171,571,747,87.36337
14,0.4666666666666667,0.18123557,-0.015818644,10.384032,-0.9063415,611,795,87.36337
15,0.5,0.18391392,0.007157512,10.537491,0.4100952,601,685,87.36337
16,0.5333333333333333,0.17052913,0.005899967,9.770598,0.3380432,651,691,87.36337
17,0.5666666666666667,0.17103274,-0.0056360476,9.799454,-0.32292172,649,747,87.36337
18,0.6,0.17139839,-0.0029811426,9.820404,-0.17080688,648,734,87.36337
19,0.6333333333333333,0.16810966,0.005218731,9.631973,0.29901123,660,694,87.36337
20,0.6666666666666666,0.1643442,-0.004592888,9.416229,-0.26315308,674,742,87.36337
21,0.7,0.15975611,-0.007374293,9.15335,-0.42251584,692,755,87.36337
22,0.7333333333333333,0.16643105,-0.0053702644,9.535796,-0.30769348,667,745,87.36337
23,0.7666666666666667,0.16500041,-0.002188586,9.453827,-0.12539673,672,730,87.36337
24,0.8,0.18535763,-0.0023550335,10.62021,-0.13493347,595,731,87.36337
25,0.8333333333333334,0.18144543,-0.004329235,10.396057,-0.24804688,610,740,87.36337
26,0.8666666666666667,0.1820212,-0.004783037,10.429046,-0.27404782,608,742,87.36337
27,0.9,0.18670811,-0.0069186264,10.697586,-0.39640808,590,752,87.36337
28,0.9333333333333333,0.18085793,-0.015574433,10.362395,-0.89234924,612,794,87.36337
29,0.9666666666666667,0.18780878,-0.011922174,10.76065,-0.6830902,586,776,87.36337
30,1.0,0.19321287,-0.011387411,11.070281,-0.6524505,566,773,87.36337
31,1.0333333333333334,0.19142829,-0.013044164,10.968033,-0.7473755,595,779,84.557076
32,1.0666666666666667,0.17601632,-0.019389944,10.084991,-1.1109619,653,809,84.33887
33,1.1,0.16650243,-0.011552528,9.539886,-0.661911,666,775,87.36337
34,1.1333333333333333,0.16503423,-0.01952976,9.455765,-1.1189728,671,814,87.5087
35,1.1666666666666667,0.16126506,-0.02577727,9.239807,-1.4769286,685,845,87.5087
36,1.2,0.16176175,0.0014817829,9.268265,0.0848999,683,712,87.5087
37,1.2333333333333334,0.16078809,-0.031711858,9.212479,-1.8169556,687,873,87.5087
38,1.2666666666666666,0.15525484,-0.024289094,8.895447,-1.3916625,727,834,84.557076
39,1.3,0.16226162,-0.017822407,9.2969055,-1.0211487,701,803,84.557076
40,1.3333333333333333,0.17362,-0.024417726,9.947693,-1.3990326,660,833,84.557076
41,1.3666666666666667,0.15526602,-0.033392046,8.896087,-1.9132231,708,882,87.36337
42,1.4,0.17795162,-0.016042616,10.195876,-0.91917413,623,796,87.36337
43,1.4333333333333333,0.17297605,0.00097045593,9.910797,0.055603027,642,715,87.36337
44,1.4666666666666666,0.1664537,0.004817392,9.537094,0.27601624,686,697,84.557076
45,1.5,0.16843376,-0.010235327,9.650543,-0.58644104,659,769,87.36337
46,1.5333333333333334,0.15022147,-0.00800999,8.607056,-0.45893857,727,759,87.36337
47,1.5666666666666667,0.16898769,-0.11372524,9.682281,-6.515976,657,1270,87.36337
48,1.6,-0.10592617,-0.1311543,-6.0691223,-7.5145874,1667,1439,87.36337
49,1.6333333333333333,-0.035097536,-0.16856,-2.0109406,-9.657776,1408,1439,87.36337
50,1.6666666666666667,0.058978368,-0.08893786,3.3792114,-5.095764,1064,1183,87.36337
51,1.7,0.22268155,-0.15057273,12.758713,-8.627182,453,1422,87.36337
52,1.7333333333333334,0.17410895,-0.064422935,9.975708,-3.691162,658,1019,84.557076
53,1.7666666666666666,0.1473181,-0.0035539886,8.440704,-0.20362854,755,736,84.557076
54,1.8,0.15872388,0.017892182,9.094208,1.0251465,714,635,84.557076
55,1.8333333333333333,0.16325684,0.005864281,9.353928,0.33599854,698,692,84.557076
56,1.8666666666666667,0.1617178,0.0019925772,9.265747,0.11416626,703,710,84.557076
57,1.9,0.14920999,0.004652809,8.549102,0.2665863,730,697,87.5087
58,1.9333333333333333,0.1521597,0.0146742845,8.718108,0.84077454,719,648,87.5087
59,1.9666666666666666,0.13488565,0.014821291,7.7283783,0.8491974,784,646,87.5087
60,2.0,0.17176484,-0.011063304,9.841399,-0.63388056,646,773,87.5087
61,2.033333333333333,0.17337339,-0.009608685,9.933563,-0.55053705,639,766,87.5087
62,2.066666666666667,0.15641625,0.005520733,8.96199,0.3163147,703,693,87.5087
63,2.1,0.1463383,0.013807159,8.384566,0.7910919,741,652,87.5087
64,2.1333333333333333,0.15148647,0.0056861155,8.679535,0.3257904,722,692,87.5087
65,2.1666666666666665,0.15605725,0.01517629,8.9414215,0.8695373,686,643,90.36188
66,2.2,0.14751755,0.0064046364,8.452132,0.36695862,736,688,87.5087
67,2.2333333333333334,0.12496936,0.005106079,7.160217,0.29255676,805,693,90.36188
68,2.2666666666666666,0.11954478,0.004761466,6.849411,0.2728119,826,695,90.36188
69,2.3,0.122079045,0.010847322,6.9946136,0.62150574,817,664,90.36188
70,2.3333333333333335,0.121242546,0.019686885,6.946686,1.1279753,820,618,90.36188
71,2.3666666666666667,0.121311516,0.020407803,6.9506373,1.1692809,819,614,90.36188
72,2.4,0.13521615,0.025766352,7.747314,1.4763031,766,588,90.36188
73,2.433333333333333,0.14121279,-0.0011092066,8.090897,-0.06355285,743,725,90.36188
74,2.466666666666667,0.13516982,-0.0018706043,7.74466,-0.10717773,766,729,90.36188
75,2.5,0.12938862,-0.015553127,7.413421,-0.8911285,819,794,84.68882
76,2.533333333333333,0.15291286,-0.0018061559,8.761261,-0.10348511,734,728,84.68882
77,2.566666666666667,0.14953837,-0.029135516,8.567917,-1.669342,747,857,84.68882
78,2.6,0.15841387,-0.002604039,9.076446,-0.14920042,715,732,84.557076
79,2.6333333333333333,0.15138687,-0.003345463,8.673828,-0.1916809,724,736,87.122765
80,2.6666666666666665,0.15030882,-0.010523748,8.612061,-0.6029663,728,771,87.122765
81,2.7,0.13767079,-0.0025571673,7.8879547,-0.1465149,775,732,87.122765
82,2.7333333333333334,0.14097124,-0.00034940674,8.077057,-0.02001953,763,721,87.122765
83,2.7666666666666666,0.14285702,-0.0019001655,8.185103,-0.10887145,756,729,87.122765
84,2.8,0.12902643,-0.024485104,7.392669,-1.4028931,807,841,87.122765
85,2.8333333333333335,0.14129189,-0.009926135,8.095428,-0.5687256,777,767,84.557076
86,2.8666666666666667,0.14249085,-0.019027222,8.164124,-1.0901794,773,810,84.557076
87,2.9,0.14284398,-0.021284783,8.184357,-1.2195282,772,821,84.557076
88,2.933333333333333,0.14130999,-0.005205681,8.096466,-0.29826355,777,744,84.557076
89,2.966666666666667,0.12877157,-0.012274244,7.3780675,-0.7032623,822,778,84.557076
90,3.0,0.13197163,-0.020871194,7.5614166,-1.1958313,811,819,84.557076
91,3.033333333333333,0.13172156,-0.028073447,7.5470886,-1.60849,812,854,84.557076
92,3.066666666666667,0.1499168,0.0012096078,8.5896,0.06930542,746,714,84.557076
93,3.1,0.11762278,-0.02065681,6.7392883,-1.183548,862,819,84.557076
94,3.1333333333333333,0.14475612,0.0030154972,8.293915,0.17277525,765,705,84.557076
95,3.1666666666666665,0.13801514,-0.0025387914,7.9076843,-0.14546202,789,732,84.557076
96,3.2,0.13852166,-0.011815914,7.936706,-0.67700195,770,778,87.5087
97,3.2333333333333334,0.13763429,-0.013118199,7.885864,-0.7516174,773,784,87.5087
98,3.2666666666666666,0.13602868,-0.013793045,7.7938685,-0.7902832,779,788,87.5087
99,3.3,0.11565789,0.0039633163,6.6267085,0.22708128,855,700,87.5087
100,3.3333333333333335,0.12174189,0.0009462212,6.975296,0.054214478,832,715,87.5087
101,3.3666666666666667,0.13353676,0.0071370057,7.651092,0.4089203,789,684,87.5087
102,3.4,0.11686004,0.0008839032,6.6955867,0.050643917,850,715,87.5087
103,3.433333333333333,0.089149855,-0.016306004,5.10791,-0.93426514,953,803,87.5087
104,3.466666666666667,0.107626066,-0.015927568,6.166519,-0.9125824,872,802,90.36188
105,3.5,0.1203693,-0.006098639,6.8966527,-0.34942627,852,749,84.68882
106,3.533333333333333,0.12476803,-0.01584208,7.148681,-0.90768427,836,796,84.68882
107,3.566666666666667,0.11919323,-0.012661734,6.829269,-0.72546387,856,781,84.68882
108,3.6,0.11343682,-0.021214742,6.4994507,-1.2155151,877,823,84.68882
109,3.6333333333333333,0.1081579,-0.019533489,6.196991,-1.1191864,895,815,84.68882
110,3.6666666666666665,0.11897619,-0.018626682,6.816833,-1.0672302,857,810,84.68882
111,3.7,0.12828848,-0.015327026,7.350388,-0.8781739,809,795,87.36337
112,3.7333333333333334,0.12569055,-0.004995824,7.2015376,-0.2862396,818,744,87.36337
113,3.7666666666666666,0.12689537,-0.017125724,7.270569,-0.98123163,814,804,87.36337
114,3.8,0.1280304,-0.013863086,7.3356013,-0.79429626,811,788,87.122765
115,3.8333333333333335,0.11916261,-0.0051747886,6.827514,-0.29649353,844,745,87.122765
116,3.8666666666666667,0.12517816,-0.0034059167,7.1721797,-0.19514464,836,736,84.33887
117,3.9,0.12174534,0.0072443313,6.975494,0.41506958,849,685,84.33887
118,3.933333333333333,0.12021989,0.01102602,6.8880916,0.6317444,854,666,84.33887
119,3.966666666666667,0.11571915,0.017307885,6.6302185,0.9916687,870,636,84.33887
120,4.0,0.102688834,0.007160708,5.8836365,0.41027832,904,683,87.36337
121,4.033333333333333,0.10521377,0.0015717976,6.0283046,0.090057366,894,712,87.36337
122,4.066666666666666,0.1078061,-0.0039726375,6.176834,-0.22761534,885,739,87.36337
123,4.1,0.107896104,-0.0009321064,6.181991,-0.053405758,884,724,87.36337
124,4.133333333333334,0.11237315,0.0022370555,6.438507,0.12817383,868,708,87.36337
125,4.166666666666667,0.11308662,-0.009818809,6.4793854,-0.5625763,866,769,87.122765
126,4.2,0.1090703,0.004024303,6.2492676,0.23057556,881,699,87.122765
127,4.233333333333333,0.10222864,0.002623214,5.8572693,0.15029907,906,706,87.122765
128,4.266666666666667,0.098484494,0.00063889235,5.6427455,0.036605835,920,716,87.122765
129,4.3,0.10104459,-0.0257051,5.789428,-1.4727936,911,849,87.122765
130,4.333333333333333,0.08523501,-0.06507141,4.883606,-3.728317,969,1051,87.122765
131,4.366666666666666,0.103489906,-0.059778113,5.9295344,-3.4250333,902,1020,87.122765
132,4.4,0.09656648,-0.036490634,5.5328517,-2.0907593,927,904,87.122765
133,4.433333333333334,0.09845467,-0.05228611,5.6410365,-2.9957733,920,984,87.122765
134,4.466666666666667,0.11599718,-0.021280522,6.6461487,-1.219284,856,826,87.122765
135,4.5,0.1029397,-0.009266735,5.8980103,-0.53094476,890,768,90.36188
136,4.533333333333333,0.10517515,-0.0095279915,6.026092,-0.5459137,881,769,90.36188
137,4.566666666666666,0.11870934,-0.015832493,6.8015437,-0.907135,829,801,90.36188
138,4.6,0.11217421,-0.013325926,6.427109,-0.7635193,854,789,90.36188
139,4.633333333333334,0.11181096,-0.012663331,6.406296,-0.72555536,856,785,90.36188
140,4.666666666666667,0.09227587,-0.00393775,5.287018,-0.22561646,930,740,90.36188
141,4.7,0.10594215,-0.017364876,6.070038,-0.9949341,878,810,90.36188
142,4.733333333333333,0.09147665,-0.0067551085,5.2412257,-0.38703918,933,755,90.36188
143,4.766666666666667,0.079188034,-0.0035444011,4.53714,-0.20307921,980,738,90.36188
144,4.8,0.095138505,-0.0013763217,5.4510345,-0.078857414,919,727,90.36188
145,4.833333333333333,0.10337486,0.001896437,5.922943,0.10865783,888,710,90.36188
146,4.866666666666666,0.1067885,-0.008191617,6.1185303,-0.46934506,875,762,90.36188
147,4.9,0.1059568,-0.0056690713,6.070877,-0.32481384,878,749,90.36188
148,4.933333333333334,0.08983934,0.00037444048,5.1474147,0.021453857,940,718,90.36188
149,4.966666666666667,0.10437834,-0.009427857,5.980438,-0.5401764,884,769,90.36188
150,5.0,0.0820978,-0.009044894,4.703857,-0.51823425,969,767,90.36188
151,5.033333333333333,0.06381733,-0.021105286,3.6564634,-1.2092438,1038,833,90.36188
152,5.066666666666666,0.07675204,-0.021854434,4.3975677,-1.2521667,989,836,90.36188
153,5.1,0.05834933,-0.029116606,3.3431702,-1.6682585,1059,876,90.36188
154,5.133333333333334,0.06613907,-0.027581295,3.7894895,-1.5802917,1030,867,90.36188
155,5.166666666666667,0.08999461,0.0012596752,5.156311,0.07217407,939,713,90.36188
156,5.2,0.09943285,-0.005242433,5.697082,-0.30036926,903,747,90.36188
157,5.233333333333333,0.09795852,-0.0033169673,5.6126094,-0.19004822,909,737,90.36188
158,5.266666666666667,0.09931381,-0.007936486,5.690262,-0.45472714,903,761,90.36188
159,5.3,0.09131847,-0.0026125612,5.232163,-0.14968872,945,733,87.5087
160,5.333333333333333,0.08313857,0.0017752632,4.763489,0.10171509,975,710,87.5087
161,5.366666666666666,0.081928425,0.013544838,4.694153,0.776062,979,650,87.5087
162,5.4,0.0715682,-0.010070478,4.1005554,-0.57699585,1018,771,87.5087
163,5.433333333333334,0.0674371,0.002130529,3.8638608,0.122070305,1033,708,87.5087
164,5.466666666666667,0.07109522,0.011727762,4.073456,0.67195123,1019,659,87.5087
165,5.5,0.062390942,-0.0107122995,3.5747375,-0.61376953,1051,775,87.5087
166,5.533333333333333,0.07256555,-0.0015717976,4.1576996,-0.090057366,1014,728,87.5087
167,5.566666666666666,0.07575655,0.010134127,4.3405304,0.5806427,1002,667,87.5087
168,5.6,0.07048642,-0.029235652,4.038574,-1.6750793,1030,866,84.68882
169,5.633333333333334,0.07151627,-0.008280034,4.09758,-0.47441098,1026,761,84.68882
170,5.666666666666667,0.06316272,-0.0029545107,3.6189573,-0.16928099,1056,734,84.68882
171,5.7,0.056923203,-0.029364813,3.261459,-1.6824797,1078,868,84.68882
172,5.733333333333333,0.062736884,-0.038570564,3.5945585,-2.2099304,1050,920,87.36337
173,5.766666666666667,0.061362695,-0.0059601543,3.5158234,-0.34149167,1055,750,87.36337
174,5.8,0.06417846,-0.038454983,3.6771545,-2.203308,1045,919,87.36337
175,5.833333333333333,0.06832207,-0.027111514,3.914566,-1.5533752,1031,859,87.122765
176,5.866666666666666,0.05970914,-0.017027719,3.4210815,-0.9756164,1062,808,87.122765
177,5.9,0.06817053,-0.06593055,3.9058836,-3.777542,1031,1060,87.122765
178,5.933333333333334,0.067564666,-0.056868613,3.87117,-3.2583313,1033,1013,87.122765
179,5.966666666666667,0.0706044,-0.060207948,4.045334,-3.449661,1022,1029,87.122765
180,6.0,0.054456055,-0.07691848,3.120102,-4.407104,1081,1121,87.36337
181,6.033333333333333,0.05270929,-0.058987156,3.0200195,-3.379715,1087,1028,87.36337
182,6.066666666666666,0.04087473,-0.060000755,2.3419495,-3.43779,1130,1035,87.36337
183,6.1,0.032715604,-0.051702082,1.874466,-2.962311,1160,993,87.36337
184,6.133333333333334,0.030788273,-0.057068083,1.764038,-3.2697601,1167,1022,87.36337
185,6.166666666666667,0.028677719,-0.05922018,1.6431122,-3.3930662,1175,1034,87.36337
186,6.2,0.027246801,-0.058924038,1.5611266,-3.3760984,1180,1032,87.36337
187,6.233333333333333,0.027994351,-0.058804728,1.6039581,-3.3692625,1177,1032,87.36337
188,6.266666666666667,0.026428413,-0.061157636,1.5142365,-3.5040743,1183,1045,87.36337
189,6.3,0.04981736,-0.0730316,2.8543243,-4.184402,1098,1102,87.36337
190,6.333333333333333,0.0498352,-0.07329206,2.8553464,-4.1993256,1098,1103,87.36337
191,6.366666666666666,0.049698852,-0.07802929,2.8475344,-4.470749,1098,1128,87.36337
192,6.4,0.028486768,-0.061184797,1.6321715,-3.5056305,1176,1044,87.36337
193,6.433333333333334,0.031202396,-0.053400107,1.7877655,-3.0596006,1166,1002,87.36337
194,6.466666666666667,0.033022933,-0.0568505,1.8920746,-3.2572935,1159,1020,87.36337
195,6.5,0.033027727,-0.055463262,1.8923492,-3.1778107,1159,1012,87.122765
196,6.533333333333333,0.032002144,-0.05592798,1.8335876,-3.204437,1163,1015,87.122765
197,6.566666666666666,0.040291496,-0.07002436,2.3085325,-4.0121,1133,1087,87.122765
198,6.6,0.031164313,-0.06301359,1.7855835,-3.6104126,1170,1042,84.33887
199,6.633333333333334,0.043434296,-0.044432715,2.4886017,-2.545807,1121,953,87.36337
200,6.666666666666667,0.03313718,-0.06530151,1.8986205,-3.7415006,1159,1065,87.36337
201,6.7,0.036488503,-0.044479586,2.0906372,-2.5484924,1146,954,87.36337
202,6.733333333333333,0.030025544,-0.060834587,1.7203368,-3.485565,1170,1042,87.36337
203,6.766666666666667,0.033802442,-0.05319718,1.9367372,-3.0479736,1156,1001,87.36337
204,6.8,0.059715267,-0.051265582,3.4214325,-2.9373014,1061,986,87.36337
205,6.833333333333333,0.05537218,-0.051612865,3.172592,-2.957199,1077,989,87.36337
206,6.866666666666666,0.058299795,-0.050013367,3.340332,-2.8655548,1067,980,87.36337
207,6.9,0.053431537,-0.048626125,3.0614014,-2.7860715,1084,973,87.36337
208,6.933333333333334,0.035948683,-0.059103537,2.0597076,-3.386383,1148,1032,87.36337
209,6.966666666666667,0.024636105,-0.031588286,1.4115448,-1.8098754,1192,882,84.557076
210,7.0,0.030918768,-0.028341362,1.7715148,-1.6238403,1170,865,84.557076
211,7.033333333333333,0.03351189,-0.029139776,1.9200896,-1.6695861,1161,869,84.557076
212,7.066666666666666,0.032719333,-0.03234942,1.8746796,-1.8534851,1164,885,84.557076
213,7.1,0.028582113,-0.04099191,1.6376344,-2.3486633,1179,930,84.557076
214,7.133333333333334,0.04140736,-0.04039616,2.372467,-2.3145294,1133,925,84.557076
215,7.166666666666667,0.03874979,-0.041402835,2.2201993,-2.3722076,1143,931,84.557076
216,7.2,0.04855795,-0.048117198,2.7821653,-2.7569122,1102,971,87.36337
217,7.233333333333333,0.032229308,-0.04601303,1.8466033,-2.6363523,1162,963,87.36337
218,7.266666666666667,0.028497688,-0.031492148,1.6327972,-1.8043671,1175,887,87.36337
219,7.3,0.031298,-0.03770317,1.7932433,-2.1602325,1165,919,87.36337
220,7.333333333333333,0.04807512,-0.026522422,2.7545013,-1.5196228,1104,858,87.36337
221,7.366666666666666,0.023059247,-0.0372515,1.3211975,-2.1343536,1195,918,87.36337
222,7.4,0.042280614,-0.04526788,2.4225006,-2.5936582,1125,957,87.36337
223,7.433333333333334,0.036873862,-0.03305542,2.1127167,-1.893936,1145,894,87.36337
224,7.466666666666667,0.028707812,-0.043411925,1.6448363,-2.48732,1175,950,87.36337
225,7.5,0.04216024,-0.037607033,2.4156036,-2.1547241,1126,917,87.36337
226,7.533333333333333,0.039201733,-0.026760241,2.2460938,-1.5332488,1136,860,87.36337
227,7.566666666666666,0.03596093,-0.027101127,2.0604095,-1.5527802,1148,863,87.36337
228,7.6,0.010259029,-0.02305605,0.5877991,-1.3210143,1242,843,87.36337
229,7.633333333333334,0.026175147,-0.0053705308,1.4997253,-0.30770874,1184,748,87.36337
230,7.666666666666667,0.010218816,-0.017508155,0.585495,-1.0031433,1242,813,87.36337
231,7.7,0.026648657,-0.021496238,1.5268555,-1.2316437,1186,830,84.33887
232,7.733333333333333,0.005657353,-0.027668381,0.32414243,-1.5852814,1260,864,84.557076
233,7.766666666666667,0.011504323,-0.011851067,0.6591491,-0.67901605,1239,781,84.557076
234,7.8,0.0034850128,0.0021395837,0.19967651,0.12258911,1267,708,84.557076
235,7.833333333333333,0.0050424295,0.0033699642,0.2889099,0.19308472,1262,702,84.557076
236,7.866666666666666,0.0051564127,-0.014748054,0.29544067,-0.84500116,1261,796,84.557076
237,7.9,0.0017947044,-0.014775484,0.10282898,-0.8465728,1273,797,84.557076
238,7.933333333333334,0.0030522489,-0.019928701,0.17488097,-1.1418304,1269,823,84.557076
239,7.966666666666667,-0.0037912764,-0.026934948,-0.21722412,-1.5432588,1293,861,84.557076
240,8.0,-0.0102568995,-0.06278562,-0.587677,-3.5973508,1316,1050,84.557076
241,8.033333333333333,-0.011270232,-0.072856635,-0.6457367,-4.1743774,1319,1104,84.557076
242,8.066666666666666,-0.0016540893,-0.062667914,-0.09477233,-3.5906067,1285,1048,84.557076
243,8.1,-0.018073808,-0.07349286,-1.0355529,-4.2108307,1345,1122,87.36337
244,8.133333333333333,-0.008471781,-0.061911043,-0.48539728,-3.5472412,1309,1045,84.557076
245,8.166666666666666,-0.013533119,-0.05123363,-0.77539057,-2.9354706,1329,999,87.36337
246,8.2,-0.0067652287,-0.060774136,-0.38761902,-3.4821014,1304,1049,87.36337
247,8.233333333333333,0.00039254993,-0.050275423,0.022491453,-2.8805695,1278,991,87.36337
248,8.266666666666667,0.010288857,-0.06194859,0.58950806,-3.5493925,1242,1052,87.36337
249,8.3,0.013356818,-0.0647023,0.76528925,-3.7071686,1231,1066,87.36337
250,8.333333333333334,-0.00038908786,-0.06820755,-0.02229309,-3.9080043,1281,1088,87.36337
251,8.366666666666667,0.0021981732,-0.06732338,0.12594604,-3.8573453,1271,1083,87.36337
252,8.4,0.024579646,-0.062340345,1.4083099,-3.5718384,1190,1051,87.36337
253,8.433333333333334,0.020099409,-0.055518653,1.1516112,-3.1809843,1206,1016,87.36337
254,8.466666666666667,0.0074856137,-0.06489165,0.42889404,-3.7180176,1252,1069,87.36337
255,8.5,0.0034586473,-0.06195791,0.19816588,-3.5499265,1267,1054,87.36337
256,8.533333333333333,0.014162691,-0.057559967,0.8114624,-3.297943,1228,1028,87.36337
257,8.566666666666666,0.0043742424,-0.05276734,0.2506256,-3.0233457,1264,1004,87.36337
258,8.6,0.0046682553,-0.055460867,0.2674713,-3.1776733,1262,1018,87.36337
259,8.633333333333333,0.0020466393,-0.064732924,0.11726379,-3.708923,1272,1069,87.36337
260,8.666666666666666,0.00030439932,-0.06250413,0.017440796,-3.5812225,1278,1057,87.36337
261,8.7,0.01159061,-0.06589673,0.664093,-3.7756042,1237,1073,87.36337
262,8.733333333333333,0.013238308,-0.064364605,0.75849915,-3.68782,1231,1065,87.36337
263,8.766666666666667,-0.07451871,-0.13852008,-4.2696075,-7.9366155,1552,1439,87.36337
264,8.8,-0.16741537,-0.11892373,-9.592194,-6.8138275,1896,1434,87.36337
265,8.833333333333334,-0.204212,-0.07252534,-11.700485,-4.1553955,2035,1163,87.36337
266,8.866666666666667,-0.0964818,-0.116142325,-5.528,-6.6544647,1633,1388,87.36337
267,8.9,-0.04688948,-0.118329845,-2.6865692,-6.7798004,1451,1381,87.36337
268,8.933333333333334,-0.07009707,-0.081446394,-4.016266,-4.6665344,1536,1180,87.36337
269,8.966666666666667,-0.031197868,-0.044624995,-1.7875061,-2.5568237,1393,965,87.36337
270,9.0,-0.06318137,-0.07828948,-3.6200256,-4.4856563,1510,1160,87.36337
271,9.033333333333333,-0.08257664,-0.024000674,-4.7312927,-1.3751373,1581,856,87.36337
272,9.066666666666666,-0.041400436,-0.042321626,-2.37207,-2.4248505,1431,954,87.36337
273,9.1,-0.042449724,-0.048151553,-2.43219,-2.7588806,1434,987,87.36337
274,9.133333333333333,-0.042782087,-0.05258039,-2.451233,-3.0126343,1436,1011,87.36337
275,9.166666666666666,-0.05262726,-0.052006744,-3.0153198,-2.9797668,1472,1010,87.36337
276,9.2,-0.017566742,-0.03769412,-1.0065001,-2.1597137,1344,925,87.36337
277,9.233333333333333,-0.023948476,-0.046603985,-1.3721465,-2.6702116,1367,975,87.36337
278,9.266666666666667,-0.054133013,-0.017573668,-3.101593,-1.006897,1477,818,87.36337
279,9.3,-0.066719115,-0.03478355,-3.8227234,-1.9929504,1523,915,87.36337
280,9.333333333333334,-0.05538949,-0.040021453,-3.1735837,-2.2930603,1482,943,87.36337
281,9.366666666666667,-0.04860322,-0.054724496,-2.7847593,-3.1354825,1457,1024,87.36337
282,9.4,-0.05793494,-0.039076827,-3.3194273,-2.2389371,1491,938,87.36337
283,9.433333333333334,-0.053622484,-0.0478088,-3.072342,-2.7392423,1475,987,87.36337
284,9.466666666666667,-0.052352954,-0.04771639,-2.999603,-2.7339475,1471,986,87.36337
285,9.5,-0.04675073,-0.03993197,-2.6786194,-2.2879333,1445,935,84.557076
286,9.533333333333333,-0.04489344,-0.037126865,-2.5722046,-2.1272125,1438,919,84.557076
287,9.566666666666666,-0.068189174,-0.018082598,-3.9069517,-1.0360565,1521,818,84.557076
288,9.6,-0.06996897,-0.0139328595,-4.0089264,-0.798294,1527,796,84.557076
289,9.633333333333333,-0.07050719,-0.009469668,-4.0397644,-0.542572,1529,771,84.557076
290,9.666666666666666,-0.072757564,-0.025009746,-4.168701,-1.4329528,1537,856,84.557076
291,9.7,-0.06816015,-0.032199748,-3.9052885,-1.8449095,1521,895,84.557076
292,9.733333333333333,-0.097607255,-0.05287147,-5.5924835,-3.029312,1625,1013,84.557076
293,9.766666666666667,-0.14791997,-0.114548415,-8.475189,-6.5631404,1806,1378,84.557076
294,9.8,-0.06657823,-0.13171595,-3.8146515,-7.5467677,1515,1439,84.557076
295,9.833333333333334,-0.010539194,-0.13639113,-0.60385126,-7.8146358,1317,1439,84.557076
296,9.866666666666667,-0.09895135,-0.08621478,-5.669494,-4.9397426,1630,1200,84.557076
297,9.9,-0.1844998,-0.07383668,-10.571059,-4.23053,1939,1152,84.557076
298,9.933333333333334,-0.118489094,-0.07930255,-6.7889247,-4.543701,1700,1166,84.557076
299,9.966666666666667,-0.13673335,-0.0976227,-7.834244,-5.5933685,1765,1276,84.557076
300,10.0,-0.10154687,-0.07127285,-5.818207,-4.0836334,1639,1117,84.557076
301,10.033333333333333,-0.10991585,-0.05785318,-6.297714,-3.3147428,1669,1043,84.557076
302,10.066666666666666,-0.12046011,-0.03767601,-6.9018555,-2.1586761,1707,932,84.557076
303,10.1,-0.118328504,-0.033958767,-6.7797236,-1.9456939,1699,910,84.557076
304,10.133333333333333,-0.13090315,-0.019285548,-7.500198,-1.1049805,1744,829,84.557076
305,10.166666666666666,-0.1267449,-0.03189082,-7.261947,-1.8272094,1729,900,84.557076
306,10.2,-0.09446978,-0.03980041,-5.4127192,-2.2803953,1614,940,84.557076
307,10.233333333333333,-0.1096096,-0.0445981,-6.280167,-2.5552826,1668,969,84.557076
308,10.266666666666667,-0.10685908,-0.036785714,-6.122574,-2.107666,1658,925,84.557076
309,10.3,-0.11488771,-0.03556705,-6.5825806,-2.0378418,1687,919,84.557076
310,10.333333333333334,-0.11559211,-0.031377897,-6.6229396,-1.7978209,1690,896,84.557076
311,10.366666666666667,-0.12052802,-0.03167271,-6.9057465,-1.8147124,1707,898,84.557076
312,10.4,-0.09723867,-0.04545084,-5.571365,-2.6041412,1624,972,84.557076
313,10.433333333333334,-0.09771059,-0.043582365,-5.598404,-2.4970853,1626,962,84.557076
314,10.466666666666667,-0.09603492,-0.042752527,-5.5023956,-2.4495392,1620,957,84.557076
315,10.5,-0.11992108,-0.03237392,-6.870971,-1.8548889,1705,902,84.557076
316,10.533333333333333,-0.10299909,-0.05653971,-5.901413,-3.2394867,1657,1046,87.5087
317,10.566666666666666,-0.1026108,-0.049441587,-5.879165,-2.8327942,1656,1005,87.5087
318,10.6,-0.09401971,-0.03955673,-5.3869324,-2.2664335,1624,946,87.5087
319,10.633333333333333,-0.118126385,-0.039437953,-6.7681427,-2.259628,1713,949,87.5087
320,10.666666666666666,-0.11398596,-0.037171073,-6.5309143,-2.1297455,1698,935,87.5087
321,10.7,-0.092244975,-0.030568298,-5.2852473,-1.7514343,1618,895,87.5087
322,10.733333333333333,-0.11554684,-0.04502793,-6.6203456,-2.5799103,1704,981,87.5087
323,10.766666666666667,-0.109369375,-0.045912102,-6.266403,-2.6305695,1681,985,87.5087
324,10.8,-0.15324122,-0.05565661,-8.780074,-3.1888885,1844,1050,87.5087
325,10.833333333333334,-0.15580451,-0.058620173,-8.926941,-3.3586884,1854,1069,87.5087
326,10.866666666666667,-0.15380874,-0.054702662,-8.812592,-3.1342316,1846,1045,87.5087
327,10.9,-0.15210885,-0.057579406,-8.715195,-3.2990568,1840,1062,87.5087
328,10.933333333333334,-0.1335783,-0.04485669,-7.6534724,-2.5700989,1771,983,87.5087
329,10.966666666666667,-0.13988148,-0.031136349,-8.014618,-1.7839813,1794,903,87.5087
330,11.0,-0.14095792,-0.032181907,-8.076294,-1.8438873,1798,909,87.5087
331,11.033333333333333,-0.13461988,-0.032415733,-7.7131505,-1.8572845,1774,910,87.5087
332,11.066666666666666,-0.14380005,-0.014639131,-8.239136,-0.8387604,1809,806,87.5087
333,11.1,-0.13750887,-0.026928287,-7.8786774,-1.5428771,1785,878,87.5087
334,11.133333333333333,-0.15265825,-0.050716706,-8.746674,-2.905853,1842,1021,87.5087
335,11.166666666666666,-0.14825659,-0.052334044,-8.494476,-2.9985197,1825,1030,87.5087
336,11.2,-0.13183899,-0.0357556,-7.5538173,-2.048645,1764,929,87.5087
337,11.233333333333333,-0.13195564,-0.026182603,-7.5605006,-1.5001526,1765,873,87.5087
338,11.266666666666667,-0.1642478,-0.055878714,-9.410705,-3.2016144,1884,1053,87.36337
339,11.3,-0.15104198,-0.04631131,-8.654068,-2.6534426,1835,994,87.36337
340,11.333333333333334,-0.15931723,-0.04298901,-9.128204,-2.4630888,1867,976,87.5087
341,11.366666666666667,-0.16988039,-0.07224011,-9.733429,-4.139053,1906,1153,87.5087
342,11.4,-0.14898816,-0.059869993,-8.536392,-3.4302979,1828,1075,87.5087
343,11.433333333333334,-0.14835565,-0.06293476,-8.500152,-3.6058958,1826,1093,87.5087
344,11.466666666666667,-0.15009177,-0.05181393,-8.599625,-2.9687192,1832,1027,87.5087
345,11.5,-0.15252617,-0.047138486,-8.739105,-2.7008362,1841,999,87.5087
346,11.533333333333333,-0.15217729,-0.04854357,-8.719116,-2.7813416,1840,1008,87.5087
347,11.566666666666666,-0.1502148,-0.047008526,-8.606674,-2.69339,1833,998,87.5087
348,11.6,-0.15521462,-0.08384111,-8.893143,-4.8037415,1850,1218,87.36337
349,11.633333333333333,-0.16306883,-0.08991151,-9.343155,-5.15155,1880,1257,87.36337
350,11.666666666666666,-0.16716848,-0.08818099,-9.578048,-5.052398,1896,1249,87.5087
351,11.7,-0.17598516,-0.09674279,-10.083206,-5.542953,1928,1302,87.36337
352,11.733333333333333,-0.1763122,-0.0958256,-10.101944,-5.490402,1930,1297,87.36337
353,11.766666666666667,-0.1680673,-0.0839985,-9.629547,-4.8127594,1900,1224,87.5087
354,11.8,-0.15954866,-0.0802525,-9.141464,-4.5981293,1868,1199,87.5087
355,11.833333333333334,-0.16186507,-0.070752464,-9.274185,-4.0538173,1876,1142,87.5087
356,11.866666666666667,-0.14222479,-0.0760234,-8.14888,-4.3558197,1803,1169,87.5087
357,11.9,-0.14696202,-0.07238019,-8.420302,-4.1470795,1820,1148,87.5087
358,11.933333333333334,-0.17648236,-0.102154866,-10.111694,-5.853042,1931,1337,87.5087
359,11.966666666666667,-0.16233937,-0.07034926,-9.30136,-4.0307155,1877,1139,87.36337
360,12.0,-0.13229732,-0.026199648,-7.5800776,-1.5011292,1766,873,87.5087
361,12.033333333333333,-0.12775904,-0.03578916,-7.3200536,-2.0505676,1749,929,87.5087
362,12.066666666666666,-0.1310973,-0.03883821,-7.5113215,-2.2252655,1761,947,87.5087
363,12.1,-0.14504507,-0.061110497,-8.31047,-3.5013733,1812,1080,87.36337
364,12.133333333333333,-0.13847879,-0.04695526,-7.9342494,-2.6903381,1788,996,87.36337
365,12.166666666666666,-0.13831499,-0.05406137,-7.924865,-3.0974882,1788,1038,87.5087
366,12.2,-0.13746013,-0.0582207,-7.8758845,-3.3358002,1785,1062,87.5087
367,12.233333333333333,-0.13570297,-0.06266711,-7.775207,-3.5905607,1778,1088,87.5087
368,12.266666666666667,-0.1403976,-0.055051804,-8.044189,-3.1542358,1796,1044,87.5087
369,12.3,-0.12345563,-0.08441209,-7.0734863,-4.8364563,1732,1212,87.36337
370,12.333333333333334,-0.14368208,-0.05506911,-8.232376,-3.1552274,1807,1044,87.36337
371,12.366666666666667,-0.14012648,-0.067472786,-8.028656,-3.8659055,1794,1117,87.36337
372,12.4,-0.1428802,-0.06788611,-8.186432,-3.8895872,1804,1120,87.36337
373,12.433333333333334,-0.13438605,-0.056112275,-7.699753,-3.2149963,1773,1049,87.36337
374,12.466666666666667,-0.13577648,-0.061203703,-7.7794185,-3.5067136,1778,1079,87.36337
375,12.5,-0.16230343,-0.056726396,-9.299301,-3.2501829,1858,1047,84.557076
376,12.533333333333333,-0.16288958,-0.06380002,-9.332885,-3.6554718,1860,1088,84.557076
377,12.566666666666666,-0.15912175,-0.06278003,-9.117004,-3.5970306,1846,1081,84.557076
378,12.6,-0.15249926,-0.03870825,-8.737563,-2.2178192,1822,942,84.557076
379,12.633333333333333,-0.13843645,-0.05701961,-7.931824,-3.2669828,1772,1044,84.557076
380,12.666666666666666,-0.14375319,-0.029007418,-8.23645,-1.6620026,1791,885,84.557076
381,12.7,-0.1523669,-0.011408982,-8.72998,-0.65368646,1822,785,84.557076
382,12.733333333333333,-0.15008458,0.0069314097,-8.599213,0.3971405,1814,680,84.557076
383,12.766666666666667,-0.13865483,-0.0094992295,-7.944336,-0.54426575,1772,774,84.557076
384,12.8,-0.17720382,-0.028960014,-10.15303,-1.6592865,1912,888,84.557076
385,12.833333333333334,-0.16752961,-0.032799494,-9.59874,-1.8792725,1877,909,84.557076
386,12.866666666666667,-0.17077814,-0.04052532,-9.784866,-2.3219297,1888,955,84.557076
387,12.9,-0.16720365,-0.03455931,-9.580063,-1.9801024,1876,919,84.557076
388,12.933333333333334,-0.17119093,-0.040645696,-9.808517,-2.3288267,1890,955,84.557076
389,12.966666666666667,-0.17196272,-0.04249713,-9.852737,-2.434906,1893,966,84.557076
390,13.0,-0.17002074,-0.04219779,-9.74147,-2.4177551,1886,964,84.557076
391,13.033333333333333,-0.17438087,-0.043236423,-9.991287,-2.4772644,1902,971,84.557076
392,13.066666666666666,-0.17287032,-0.033283655,-9.904739,-1.9070128,1896,913,84.557076
393,13.1,-0.1760741,-0.033511356,-10.088303,-1.9200591,1908,914,84.557076
394,13.133333333333333,-0.17831461,-0.023303991,-10.216674,-1.3352202,1916,855,84.557076
395,13.166666666666666,-0.17515452,-0.017128387,-10.035614,-0.9813843,1904,819,84.557076
396,13.2,-0.17055576,-0.048617072,-9.772124,-2.785553,1888,1002,84.557076
397,13.233333333333333,-0.17355822,-0.047020238,-9.944153,-2.694061,1899,993,84.557076
398,13.266666666666667,-0.17592497,-0.044189833,-10.079758,-2.5318909,1907,977,84.557076
399,13.3,-0.16898024,-0.0371748,-9.681854,-2.1299589,1882,935,84.557076
400,13.333333333333334,-0.1707816,-0.032247953,-9.785064,-1.8476715,1889,906,84.557076
401,13.366666666666667,-0.1802984,-0.065942004,-10.330337,-3.7781982,1923,1104,84.557076
402,13.4,-0.23397923,-0.09447085,-13.406021,-5.412781,2121,1289,84.557076
403,13.433333333333334,-0.2562177,-0.12179302,-14.680191,-6.978225,2205,1439,84.557076
404,13.466666666666667,-0.27597114,-0.0712638,-15.811981,-4.0831146,2280,1159,84.557076
405,13.5,-0.25036404,-0.0946602,-14.344802,-5.4236298,2183,1296,84.557076
406,13.533333333333333,-0.24838427,-0.028912075,-14.231369,-1.6565398,2175,895,84.557076
407,13.566666666666666,-0.20045109,-0.03239416,-11.485001,-1.8560485,1997,911,84.557076
408,13.6,-0.21034686,0.02195883,-12.051987,1.2581482,2060,585,87.5087
409,13.633333333333333,-0.20631324,0.020685839,-11.820877,1.1852112,2044,593,87.5087
410,13.666666666666666,-0.20922114,0.014764566,-11.987488,0.84594727,2055,629,87.5087
411,13.7,-0.19776794,-0.021239242,-11.331268,-1.2169188,2012,849,87.5087
412,13.733333333333333,-0.21467556,0.015271366,-12.300003,0.87498474,2076,626,87.5087
413,13.766666666666667,-0.2014993,-0.014531006,-11.545059,-0.83256525,2026,808,87.5087
414,13.8,-0.19968781,-0.025111746,-11.441268,-1.438797,2043,878,90.36188
415,13.833333333333334,-0.19614474,-0.027109649,-11.238265,-1.5532684,2029,890,90.36188
416,13.866666666666667,-0.20015255,-0.01372247,-11.4678955,-0.78623956,2045,806,90.36188
417,13.9,-0.19228904,-0.0009411611,-11.01735,-0.053924557,2014,725,90.36188
418,13.933333333333334,-0.20066306,0.00013129384,-11.497146,0.0075225825,2047,719,90.36188
419,13.966666666666667,-0.22145331,0.012749352,-12.688339,0.730484,2102,641,87.5087
420,14.0,-0.2088704,-0.0098824585,-11.967392,-0.56622314,2079,782,90.36188
421,14.033333333333333,-0.20982781,-0.02479483,-12.022247,-1.420639,2033,867,84.68882
422,14.066666666666666,-0.22443524,-0.021607557,-12.859191,-1.2380217,2112,853,87.36337
423,14.1,-0.24600258,-0.029691052,-14.094909,-1.7011719,2196,905,87.36337
424,14.133333333333333,-0.24634907,-0.01989488,-14.114761,-1.1398926,2197,844,87.36337
425,14.166666666666666,-0.24784283,-0.028815936,-14.200348,-1.6510315,2203,900,87.36337
426,14.2,-0.22971018,-0.010567689,-13.161423,-0.60548395,2133,785,87.36337
427,14.233333333333333,-0.23218104,-0.023307187,-13.302993,-1.3354034,2142,864,87.36337
428,14.266666666666667,-0.23012589,-0.019190473,-13.185242,-1.0995331,2134,838,87.36337
429,14.3,-0.2224496,-0.0038501322,-12.745422,-0.22059631,2105,743,87.36337
430,14.333333333333334,-0.22738762,-0.020317523,-13.02835,-1.1641083,2124,845,87.36337
431,14.366666666666667,-0.23366682,-0.008953814,-13.388122,-0.51301575,2148,775,87.36337
432,14.4,-0.22344881,-0.02624705,-12.802673,-1.5038451,2109,882,87.36337
433,14.433333333333334,-0.21364331,-0.025491245,-12.240859,-1.4605407,2046,871,84.557076
434,14.466666666666667,-0.22066553,-0.025428928,-12.643203,-1.4569702,2072,871,84.557076
435,14.5,-0.25736895,-0.09020127,-14.746154,-5.168152,2209,1270,84.557076
436,14.533333333333333,-0.2748465,-0.14357874,-15.747543,-8.226456,2275,1439,84.557076
437,14.566666666666666,-0.25933143,-0.14441577,-14.858596,-8.274413,2216,1439,84.557076
438,14.6,-0.30564702,-0.10331147,-17.512283,-5.919311,2394,1368,84.557076
439,14.633333333333333,-0.2599698,-0.080887124,-14.895171,-4.6344905,2219,1214,84.557076
440,14.666666666666666,-0.27288482,-0.05355164,-15.635147,-3.0682828,2268,1049,84.557076
441,14.7,-0.23573397,-0.03136751,-13.506561,-1.7972258,2156,915,87.36337
442,14.733333333333333,-0.23534623,-0.007824633,-13.4843445,-0.44831845,2154,768,87.36337
443,14.766666666666667,-0.23352353,-0.051923923,-13.379912,-2.9750216,2119,1032,84.557076
444,14.8,-0.22493298,-0.006653908,-12.88771,-0.38124084,2114,761,87.36337
445,14.833333333333334,-0.2234624,-0.00048948906,-12.803452,-0.028045656,2109,723,87.36337
446,14.866666666666667,-0.2320154,-0.0055098142,-13.293503,-0.3156891,2142,754,87.36337
447,14.9,-0.2457858,0.025301097,-14.082488,1.449646,2195,561,87.36337
448,14.933333333333334,-0.23013681,-0.017372865,-13.185867,-0.9953918,2134,827,87.36337
449,14.966666666666667,-0.21888442,-0.018189657,-12.541153,-1.0421906,2091,832,87.36337
450,15.0,-0.22083704,-0.0051875715,-12.653029,-0.29722595,2099,751,87.36337
451,15.033333333333333,-0.22185251,-0.0002689793,-12.711212,-0.015411377,2102,721,87.36337
452,15.066666666666666,-0.22615138,-0.0003254383,-12.957519,-0.01864624,2119,722,87.36337
453,15.1,-0.22483578,-0.015619707,-12.882141,-0.89494324,2114,816,87.36337
454,15.133333333333333,-0.225643,-0.013311545,-12.9283905,-0.7626953,2117,802,87.36337
455,15.166666666666666,-0.22364508,-0.0112627745,-12.813918,-0.6453094,2109,789,87.36337
456,15.2,-0.2416153,0.009350891,-13.843536,0.5357666,2179,661,87.36337
457,15.233333333333333,-0.23889247,0.010212957,-13.68753,0.5851593,2168,656,87.36337
458,15.266666666666667,-0.23848955,0.0073633743,-13.664444,0.42189026,2166,674,87.36337
459,15.3,-0.2427157,0.0013065469,-13.906585,0.07485962,2183,711,87.36337
460,15.333333333333334,-0.24031408,-6.205165e-05,-13.768982,-0.0035552976,2174,720,87.36337
461,15.366666666666667,-0.24104619,-0.029883597,-13.810928,-1.7122039,2176,906,87.36337
462,15.4,-0.24014416,-0.032119323,-13.759246,-1.8403015,2173,920,87.36337
463,15.433333333333334,-0.24009064,-0.0026080336,-13.75618,-0.1494293,2173,736,87.36337
464,15.466666666666667,-0.23914655,-2.130529e-05,-13.702087,-0.0012207031,2169,720,87.36337
465,15.5,-0.23734118,0.0048160604,-13.598647,0.2759399,2162,690,87.36337
466,15.533333333333333,-0.23083802,-0.045064148,-13.226044,-2.5819852,2137,999,87.36337
467,15.566666666666666,-0.2359108,-0.048535313,-13.516692,-2.7808685,2157,1022,87.36337
468,15.6,-0.21942797,-0.023761256,-12.572296,-1.3614196,2093,866,87.36337
469,15.633333333333333,-0.21850093,-0.028687837,-12.51918,-1.6436919,2090,896,87.36337
470,15.666666666666666,-0.22326104,-0.02878957,-12.791915,-1.6495208,2108,897,87.36337
471,15.7,-0.2276353,-0.033490315,-13.042541,-1.9188536,2125,927,87.36337
472,15.733333333333333,-0.23128304,-0.029309954,-13.251541,-1.6793365,2139,901,87.36337
473,15.766666666666667,-0.23159514,-0.032368593,-13.2694235,-1.8545836,2140,920,87.36337
474,15.8,-0.23377575,-0.030162698,-13.394363,-1.7281952,2148,907,87.36337
475,15.833333333333334,-0.23609483,-0.03228763,-13.527237,-1.849945,2157,920,87.36337
476,15.866666666666667,-0.22822306,-0.004460262,-13.076217,-0.25555417,2127,747,87.36337
477,15.9,-0.22656445,-0.007129815,-12.981186,-0.40850827,2118,763,87.122765
478,15.933333333333334,-0.22441608,-0.0018327875,-12.858093,-0.10501099,2110,731,87.122765
479,15.966666666666667,-0.22055796,0.009247295,-12.637039,0.52983093,2095,663,87.122765
480,16.0,-0.21877149,0.0071045156,-12.534682,0.40705875,2119,674,90.36188
481,16.033333333333335,-0.22148259,-0.00089934946,-12.690017,-0.051528927,2129,725,90.36188
482,16.066666666666666,-0.23104493,-0.019884758,-13.237899,-1.1393126,2167,847,90.36188
483,16.1,-0.23582052,0.00010546118,-13.511519,0.00604248,2186,719,90.36188
484,16.133333333333333,-0.25056165,-0.07146913,-14.356125,-4.094879,2215,1169,87.5087
485,16.166666666666668,-0.24740955,-0.036272254,-14.175523,-2.0782468,2203,947,87.5087
486,16.2,-0.24862501,-0.045014348,-14.245163,-2.579132,2207,1002,87.5087
487,16.233333333333334,-0.24061847,-0.04377651,-13.786422,-2.508209,2176,993,87.5087
488,16.266666666666666,-0.24247098,-0.042118426,-13.892563,-2.413208,2183,983,87.5087
489,16.3,-0.23897292,-0.043812197,-13.692139,-2.510254,2170,993,87.5087
490,16.333333333333332,-0.23327401,-0.049426936,-13.365616,-2.8319547,2148,1027,87.5087
491,16.366666666666667,-0.22854744,-0.0480642,-13.094803,-2.7538755,2130,1018,87.5087
492,16.4,-0.22089325,-0.031710792,-12.65625,-1.8168944,2100,915,87.5087
493,16.433333333333334,-0.23260157,-0.01636486,-13.327087,-0.9376373,2145,821,87.5087
494,16.466666666666665,-0.23863736,-0.017373398,-13.672913,-0.9954223,2169,828,87.5087
495,16.5,-0.2372786,-0.033724677,-13.595061,-1.9322815,2163,930,87.5087
496,16.533333333333335,-0.21116365,-0.04172401,-12.098785,-2.3906095,2063,976,87.5087
497,16.566666666666666,-0.22815755,-0.003296461,-13.072464,-0.18887329,2128,740,87.5087
498,16.6,-0.2344032,-0.010649183,-13.430313,-0.6101532,2181,788,90.36188
499,16.633333333333333,-0.20895003,-0.039278697,-11.971954,-2.2505035,2080,968,90.36188
500,16.666666666666668,-0.2243146,-0.024500282,-12.852279,-1.4037627,2140,876,90.36188
501,16.7,-0.22755247,0.0029664955,-13.037796,0.16996767,2153,701,90.36188
502,16.733333333333334,-0.22513725,-0.019816048,-12.899413,-1.1353759,2144,846,90.36188
503,16.766666666666666,-0.21963808,-0.0017310549,-12.584334,-0.09918213,2122,731,90.36188
504,16.8,-0.21664017,-0.054098923,-12.412567,-3.09964,2083,1053,87.36337
505,16.833333333333332,-0.22485122,-0.06258322,-12.883025,-3.5857544,2114,1107,87.36337
506,16.866666666666667,-0.2101487,-0.049466092,-12.040633,-2.8341982,2058,1023,87.36337
507,16.9,-0.20577979,-0.06273103,-11.790313,-3.594223,2067,1117,90.36188
508,16.933333333333334,-0.2100262,-0.05861644,-12.033614,-3.3584745,2084,1091,90.36188
509,16.966666666666665,-0.20539817,-0.05504834,-11.768448,-3.1540372,2066,1068,90.36188
510,17.0,-0.20731218,-0.06160797,-11.878113,-3.5298765,2073,1110,90.36188
511,17.033333333333335,-0.20364954,-0.06314435,-11.668259,-3.6179044,2059,1119,90.36188
512,17.066666666666666,-0.20179996,-0.059493154,-11.562285,-3.4087064,2052,1095,90.36188
513,17.1,-0.20764561,-0.0359367,-11.897217,-2.059021,2075,947,90.36188
514,17.133333333333333,-0.20788077,-0.051377438,-11.91069,-2.94371,2075,1045,90.36188
515,17.166666666666668,-0.20647009,-0.058332548,-11.829864,-3.3422086,2070,1089,90.36188
516,17.2,-0.20605384,-0.036917806,-11.806015,-2.1152344,2068,953,90.36188
517,17.233333333333334,-0.19988357,-0.053779077,-11.452484,-3.0813138,2044,1059,90.36188
518,17.266666666666666,-0.19970459,-0.05007249,-11.442229,-2.8689423,2043,1035,90.36188
519,17.3,-0.19702892,-0.049447976,-11.288925,-2.8331602,2033,1031,90.36188
520,17.333333333333332,-0.1983107,-0.052623,-11.362366,-3.0150757,2038,1051,90.36188
521,17.366666666666667,-0.19991313,-0.0523447,-11.454178,-2.9991302,2044,1050,90.36188
522,17.4,-0.20015308,-0.05148157,-11.467926,-2.9496765,2045,1044,90.36188
523,17.433333333333334,-0.19887316,-0.032340366,-11.394592,-1.8529664,2040,923,90.36188
524,17.466666666666665,-0.17645307,-0.00075979985,-10.110016,-0.04353332,1952,724,90.36188
525,17.5,-0.18455999,-0.011217501,-10.574508,-0.64271545,1984,790,90.36188
526,17.533333333333335,-0.18696776,-0.029984,-10.712463,-1.7179565,1993,907,90.36188
527,17.566666666666666,-0.18382524,-0.026407907,-10.53241,-1.5130615,1958,879,87.36337
528,17.6,-0.20185722,-0.043599408,-11.565566,-2.498062,2026,986,87.36337
529,17.633333333333333,-0.2030482,-0.03667093,-11.633804,-2.1010895,2031,943,87.36337
530,17.666666666666668,-0.18844634,-0.03252625,-10.797179,-1.8636168,1975,916,87.36337
531,17.7,-0.22249487,-0.044216197,-12.748016,-2.5334013,2105,993,87.36337
532,17.733333333333334,-0.19911152,-0.00751624,-11.408249,-0.4306488,2016,765,87.36337
533,17.766666666666666,-0.200907,-0.032228775,-11.511123,-1.8465728,2023,916,87.36337
534,17.8,-0.2093567,-0.02301557,-11.9952545,-1.318695,2055,860,87.36337
535,17.833333333333332,-0.20372997,-0.033490848,-11.672867,-1.9188842,2033,924,87.36337
536,17.866666666666667,-0.19595541,-0.05452343,-11.227417,-3.1239624,2004,1051,87.36337
537,17.9,-0.19803427,-0.047739558,-11.346527,-2.735275,2012,1010,87.36337
538,17.933333333333334,-0.1949117,-0.046812512,-11.167618,-2.6821592,2000,1004,87.36337
539,17.966666666666665,-0.19477588,-0.054615576,-11.159835,-3.1292417,1999,1052,87.36337
540,18.0,-0.2138308,-0.068292245,-12.251601,-3.9128573,2072,1139,87.36337
541,18.033333333333335,-0.2099234,-0.07530089,-12.027724,-4.3144226,2057,1182,87.36337
542,18.066666666666666,-0.23399733,-0.08164906,-13.407059,-4.6781464,2149,1228,87.36337
543,18.1,-0.211957,-0.0765792,-12.14424,-4.387665,2065,1190,87.36337
544,18.133333333333333,-0.20705199,-0.06988641,-11.863205,-4.004196,2046,1148,87.36337
545,18.166666666666668,-0.20096001,-0.072112806,-11.51416,-4.131759,2023,1160,87.36337
546,18.2,-0.20006251,-0.069341265,-11.462737,-3.9729617,2019,1143,87.36337
547,18.233333333333334,-0.20040819,-0.06949679,-11.482543,-3.9818723,2021,1144,87.36337
548,18.266666666666666,-0.20253819,-0.06953594,-11.604583,-3.9841156,2029,1144,87.36337
549,18.3,-0.20136376,-0.078426905,-11.5372925,-4.4935303,2000,1183,84.557076
550,18.333333333333332,-0.19597271,-0.080480464,-11.228409,-4.611191,1981,1194,84.557076
551,18.366666666666667,-0.19436203,-0.08372739,-11.136124,-4.797226,1975,1213,84.557076
552,18.4,-0.17974235,-0.12258824,-10.298477,-7.0237885,1919,1436,84.33887
553,18.433333333333334,-0.18346916,-0.11997088,-10.512008,-6.8738246,1933,1422,84.33887
554,18.466666666666665,-0.18247288,-0.12509294,-10.454926,-7.167297,1929,1439,84.33887
555,18.5,-0.18581568,-0.12030271,-10.646454,-6.892837,1942,1425,84.33887
556,18.533333333333335,-0.16482225,-0.11403709,-9.443619,-6.5338435,1865,1379,84.33887
557,18.566666666666666,-0.15434244,-0.11603526,-8.84317,-6.64833,1827,1387,84.33887
558,18.6,-0.15557122,-0.10919867,-8.913574,-6.2566223,1852,1370,87.36337
559,18.633333333333333,-0.13139798,-0.11541128,-7.528549,-6.612579,1762,1398,87.36337
560,18.666666666666668,-0.16343234,-0.078991756,-9.363983,-4.525894,1881,1192,87.36337
561,18.7,-0.15704022,-0.12135466,-8.997742,-6.9531097,1857,1439,87.36337
562,18.733333333333334,-0.14907178,-0.11113265,-8.541183,-6.3674316,1827,1379,87.36337
563,18.766666666666666,-0.14329031,-0.1189477,-8.209929,-6.815201,1806,1424,87.36337
564,18.8,-0.12368466,-0.07903037,-7.0866084,-4.5281067,1733,1181,87.36337
565,18.833333333333332,-0.121512316,-0.08988328,-6.9621425,-5.1499324,1725,1244,87.36337
566,18.866666666666667,-0.13726544,-0.04617389,-7.8647304,-2.6455688,1783,991,87.36337
567,18.9,-0.14903903,-0.0291981,-8.539307,-1.6729279,1827,892,87.36337
568,18.933333333333334,-0.13706198,-0.04927008,-7.8530726,-2.8229673,1783,1009,87.36337
569,18.966666666666665,-0.12791882,-0.0748833,-7.3292084,-4.290497,1749,1158,87.36337
570,19.0,-0.12905572,-0.076969616,-7.3943477,-4.4100337,1753,1170,87.36337
571,19.033333333333335,-0.12520719,-0.07603005,-7.173843,-4.3562007,1739,1164,87.36337
572,19.066666666666666,-0.11941508,-0.07357169,-6.84198,-4.2153473,1717,1148,87.36337
573,19.1,-0.12306974,-0.07495733,-7.0513763,-4.294739,1731,1157,87.36337
574,19.133333333333333,-0.11754262,-0.07149762,-6.7346954,-4.0965114,1710,1135,87.36337
575,19.166666666666668,-0.12161219,-0.07025952,-6.967865,-4.0255737,1725,1129,87.36337
576,19.2,-0.10999015,-0.09660084,-6.301971,-5.53482,1682,1279,87.36337
577,19.233333333333334,-0.093176015,-0.09902352,-5.338592,-5.6736293,1620,1288,87.36337
578,19.266666666666666,-0.1005133,-0.10683644,-5.7589874,-6.121277,1647,1336,87.36337
579,19.3,-0.100867756,-0.10551738,-5.7792964,-6.0457,1649,1328,87.36337
580,19.333333333333332,-0.09907705,-0.09134323,-5.676697,-5.2335815,1642,1245,87.36337
581,19.366666666666667,-0.0826853,-0.09670365,-4.7375183,-5.5407104,1582,1271,87.36337
582,19.4,-0.09819688,-0.13168213,-5.6262665,-7.54483,1639,1439,87.36337
583,19.433333333333334,-0.17775989,-0.16192606,-10.184891,-9.277679,1935,1439,87.36337
584,19.466666666666665,-0.21809506,-0.12895319,-12.495926,-7.388473,2088,1439,87.36337
585,19.5,-0.2113285,-0.08879884,-12.108231,-5.0877986,2062,1265,87.36337
586,19.533333333333335,-0.19608085,-0.16798902,-11.234605,-9.625061,2004,1439,87.36337
587,19.566666666666666,-0.21116392,-0.114909545,-12.098801,-6.583832,2062,1427,87.36337
588,19.6,-0.16709259,-0.12400265,-9.5737,-7.1048284,1893,1439,87.122765
589,19.633333333333333,-0.1415028,-0.06906109,-8.107512,-3.956909,1781,1113,84.33887
590,19.666666666666668,-0.14334863,-0.056068067,-8.213271,-3.2124634,1788,1039,84.33887
591,19.7,-0.16211301,-0.050755326,-9.288391,-2.9080658,1856,1012,84.33887
592,19.733333333333334,-0.15520157,-0.050289806,-8.892394,-2.8813934,1831,1008,84.33887
593,19.766666666666666,-0.14750904,-0.042891543,-8.451645,-2.4575043,1803,964,84.33887
594,19.8,-0.13143446,-0.06162928,-7.530639,-3.5310974,1745,1068,84.33887
595,19.833333333333332,-0.15585351,-0.047695886,-8.929748,-2.7327728,1853,1003,87.36337
596,19.866666666666667,-0.1720442,-0.065670356,-9.857407,-3.762634,1913,1114,87.36337
597,19.9,-0.17471136,-0.060749635,-10.010223,-3.4806974,1923,1085,87.36337
598,19.933333333333334,-0.17188175,-0.058977567,-9.848099,-3.3791654,1913,1073,87.36337
599,19.966666666666665,-0.17402321,-0.05879674,-9.970795,-3.368805,1921,1073,87.36337
600,20.0,-0.096470624,-0.03660142,-5.5273595,-2.0971067,1633,929,87.36337
601,20.033333333333335,-0.097032815,-0.04153253,-5.5595703,-2.3796387,1635,958,87.36337
602,20.066666666666666,-0.09890341,-0.04371446,-5.6667476,-2.504654,1642,971,87.36337
603,20.1,-0.105520844,-0.04607828,-6.045899,-2.6400907,1666,985,87.36337
604,20.133333333333333,-0.103874736,-0.03021596,-5.9515834,-1.7312468,1660,894,87.36337
605,20.166666666666668,-0.107226856,-0.03636866,-6.143646,-2.0837708,1672,929,87.36337
606,20.2,-0.110390164,-0.035581697,-6.32489,-2.038681,1684,925,87.36337
607,20.233333333333334,-0.11116567,-0.05655143,-6.3693237,-3.240158,1687,1047,87.36337
608,20.266666666666666,-0.10971132,-0.0633353,-6.285995,-3.6288452,1681,1086,87.36337
609,20.3,-0.10407767,-0.0665247,-5.9632106,-3.8115842,1661,1103,87.36337
610,20.333333333333332,-0.10429578,-0.06917454,-5.975708,-3.9634092,1661,1118,87.36337
611,20.366666666666667,-0.10100731,-0.078146465,-5.7872925,-4.4774623,1649,1170,87.36337
612,20.4,-0.12974283,-0.07464361,-7.4337163,-4.276764,1756,1157,87.36337
613,20.433333333333334,-0.12538429,-0.065755576,-7.18399,-3.7675169,1739,1103,87.36337
614,20.466666666666665,-0.11238939,-0.05812882,-6.4394374,-3.330536,1691,1056,87.36337
615,20.5,-0.11648001,-0.056456354,-6.6738124,-3.2347107,1706,1047,87.36337
616,20.533333333333335,-0.11783263,-0.04846501,-6.7513123,-2.7768404,1711,1001,87.36337
617,20.566666666666666,-0.115282126,-0.046074018,-6.605179,-2.6398466,1702,987,87.36337
618,20.6,-0.12484927,-0.055375643,-7.1533356,-3.1727905,1737,1043,87.36337
619,20.633333333333333,-0.08271805,-0.048687913,-4.739395,-2.7896118,1582,996,87.36337
620,20.666666666666668,-0.07778428,-0.058403656,-4.4567103,-3.3462827,1564,1051,87.36337
621,20.7,-0.072507754,-0.057280604,-4.154388,-3.2819366,1545,1043,87.36337
622,20.733333333333334,-0.07257647,-0.058184747,-4.158325,-3.3337402,1545,1049,87.36337
623,20.766666666666666,-0.07580076,-0.06000342,-4.3430634,-3.4379425,1557,1060,87.36337
624,20.8,-0.080395244,-0.10497675,-4.606308,-6.0147243,1573,1318,87.36337
625,20.833333333333332,-0.11468717,-0.09113151,-6.57109,-5.2214503,1700,1249,87.36337
626,20.866666666666667,-0.11445228,-0.090662256,-6.5576324,-5.1945643,1699,1246,87.36337
627,20.9,-0.083509274,-0.11891468,-4.7847285,-6.8133087,1585,1399,87.36337
628,20.933333333333334,-0.08067913,-0.116456576,-4.6225734,-6.67247,1574,1384,87.36337
629,20.966666666666665,-0.08405309,-0.117387086,-4.815887,-6.7257843,1587,1390,87.36337
630,21.0,-0.083184905,-0.09144816,-4.766144,-5.239593,1584,1241,87.36337
631,21.033333333333335,-0.10002594,-0.10919333,-5.731064,-6.2563167,1634,1329,84.557076
632,21.066666666666666,-0.09021272,-0.09310384,-5.1688075,-5.334457,1599,1236,84.557076
633,21.1,-0.095157675,-0.0955276,-5.4521327,-5.4733276,1617,1251,84.557076
634,21.133333333333333,-0.07776511,-0.103723206,-4.455612,-5.9429016,1555,1290,84.557076
635,21.166666666666668,-0.083331905,-0.10591152,-4.774566,-6.068283,1574,1305,84.557076
636,21.2,-0.07726177,-0.09551081,-4.426773,-5.472366,1553,1245,84.557076
637,21.233333333333334,-0.09632281,-0.06327857,-5.5188904,-3.6255949,1621,1071,84.557076
638,21.266666666666666,-0.076806635,-0.09495582,-4.400696,-5.440567,1551,1242,84.557076
639,21.3,-0.11482593,-0.08298357,-6.5790405,-4.754608,1687,1186,84.557076
640,21.333333333333332,-0.11238061,-0.07778108,-6.4389343,-4.456527,1678,1156,84.557076
641,21.366666666666667,-0.09656703,-0.07085501,-5.5328827,-4.0596924,1622,1113,84.557076
642,21.4,-0.09070461,-0.12425458,-5.196991,-7.119262,1601,1410,84.557076
643,21.433333333333334,-0.072282985,-0.152801,-4.1415095,-8.754852,1535,1439,84.557076
644,21.466666666666665,-0.14302827,-0.15130137,-8.194916,-8.668929,1788,1439,84.557076
645,21.5,-0.17702831,-0.12017594,-10.142975,-6.885574,1911,1422,84.557076
646,21.533333333333335,-0.18575388,-0.108379744,-10.642913,-6.2097015,1943,1356,84.557076
647,21.566666666666666,-0.08716766,-0.1208396,-4.9943385,-6.923599,1588,1389,84.557076
648,21.6,-0.04170191,-0.09109476,-2.3893433,-5.219345,1427,1210,84.557076
649,21.633333333333333,-0.09072059,-0.07529609,-5.1979065,-4.314148,1601,1137,84.557076
650,21.666666666666668,-0.054937817,-0.067829914,-3.1477048,-3.8863676,1474,1087,84.557076
651,21.7,-0.0641433,-0.07661223,-3.6751401,-4.389557,1506,1137,84.557076
652,21.733333333333334,-0.07168777,-0.07362682,-4.1074066,-4.218506,1533,1123,84.557076
653,21.766666666666666,-0.038681615,-0.09034321,-2.216293,-5.1762843,1421,1221,87.36337
654,21.8,-0.06019836,-0.09024601,-3.4491117,-5.170715,1500,1228,87.5087
655,21.833333333333332,-0.08185279,-0.07968018,-4.6898193,-4.5653377,1579,1173,87.36337
656,21.866666666666667,-0.081699125,-0.1083033,-4.681015,-6.205322,1579,1338,87.5087
657,21.9,-0.07715524,-0.07414267,-4.4206696,-4.248062,1562,1141,87.5087
658,21.933333333333334,-0.050530557,-0.067791834,-2.8951874,-3.8841858,1464,1099,87.5087
659,21.966666666666665,-0.03953303,-0.07516666,-2.2650757,-4.306732,1424,1137,87.5087
660,22.0,-0.06743657,-0.09151368,-3.8638306,-5.243347,1526,1237,87.5087
661,22.033333333333335,-0.06704828,-0.082207255,-3.8415833,-4.7101283,1525,1184,87.5087
662,22.066666666666666,-0.061457235,-0.08701054,-3.52124,-4.9853363,1504,1210,87.5087
663,22.1,-0.052157745,-0.08789258,-2.9884186,-5.0358734,1470,1212,87.5087
664,22.133333333333333,-0.050878897,-0.093867645,-2.9151459,-5.3782196,1466,1245,87.5087
665,22.166666666666668,-0.046628226,-0.10424198,-2.6716003,-5.9726253,1450,1302,87.5087
666,22.2,-0.07524362,-0.13786413,-4.311142,-7.899032,1555,1439,87.5087
667,22.233333333333334,-0.11239446,-0.14807843,-6.439728,-8.484268,1692,1439,87.5087
668,22.266666666666666,-0.1785977,-0.11054516,-10.232894,-6.3337708,1939,1388,87.5087
669,22.3,-0.15783705,-0.09258426,-9.043396,-5.304687,1861,1272,87.5087
670,22.333333333333332,-0.16466433,-0.118623585,-9.43457,-6.7966304,1887,1432,87.5087
671,22.366666666666667,-0.06760009,-0.11029615,-3.8731995,-6.319504,1527,1344,87.5087
672,22.4,-0.07114768,-0.10924287,-4.076462,-6.2591553,1540,1340,87.5087
673,22.433333333333334,-0.07079934,-0.09822245,-4.0565033,-5.6277313,1539,1276,87.5087
674,22.466666666666665,-0.05482011,-0.08454445,-3.1409607,-4.84404,1480,1194,87.5087
675,22.5,-0.05423075,-0.115842186,-3.107193,-6.637268,1478,1371,87.5087
676,22.533333333333335,-0.026255308,-0.12857716,-1.5043182,-7.366928,1375,1430,87.5087
677,22.566666666666666,-0.05688965,-0.106815405,-3.2595367,-6.1200714,1488,1320,87.5087
678,22.6,-0.040732518,-0.11370127,-2.3338013,-6.5146027,1423,1332,84.557076
679,22.633333333333333,-0.022267755,-0.11259046,-1.2758483,-6.450958,1358,1319,84.557076
680,22.666666666666668,-0.06360748,-0.09447058,-3.6444397,-5.4127655,1512,1252,87.36337
681,22.7,-0.066855736,-0.09293313,-3.8305514,-5.324676,1524,1244,87.36337
682,22.733333333333334,-0.055151403,-0.099790245,-3.1599424,-5.71756,1481,1279,87.36337
683,22.766666666666666,-0.02622122,-0.102128774,-1.5023651,-5.8515472,1375,1282,87.36337
684,22.8,-0.0359841,-0.07955555,-2.0617368,-4.558197,1411,1160,87.36337
685,22.833333333333332,-0.04161722,-0.082986765,-2.3844907,-4.7547913,1431,1180,87.36337
686,22.866666666666667,-0.018019747,-0.0992126,-1.0324554,-5.684463,1345,1263,87.36337
687,22.9,-0.028254276,-0.09648047,-1.6188507,-5.527923,1383,1251,87.36337
688,22.933333333333334,-0.01490305,-0.1135279,-0.85388184,-6.504669,1334,1341,87.36337
689,22.966666666666665,-0.02297003,-0.09138478,-1.3160857,-5.235962,1363,1222,87.36337
690,23.0,-0.025416676,-0.08837141,-1.4562682,-5.0633087,1372,1206,87.36337
691,23.033333333333335,-0.02601429,-0.084108755,-1.490509,-4.8190765,1374,1182,87.36337
692,23.066666666666666,-0.026320288,-0.079561405,-1.5080414,-4.558532,1376,1157,87.36337
693,23.1,-0.012004998,-0.083269864,-0.68783563,-4.7710114,1323,1174,87.36337
694,23.133333333333333,-0.039877377,-0.07546626,-2.2848053,-4.323898,1425,1138,87.36337
695,23.166666666666668,-0.006347112,-0.081670366,-0.3636627,-4.679367,1303,1163,87.36337
696,23.2,0.036307942,-0.086719185,2.0802917,-4.968643,1147,1178,87.36337
697,23.233333333333334,0.025586586,-0.10082862,1.4660033,-5.777054,1189,1240,84.557076
698,23.266666666666666,0.020605145,-0.10584415,1.1805878,-6.0644226,1207,1267,84.557076
699,23.3,0.024805214,-0.10145898,1.421234,-5.813171,1192,1243,84.557076
700,23.333333333333332,0.018446386,-0.09994391,1.0569,-5.726364,1214,1237,84.557076
701,23.366666666666667,0.008019577,-0.08825316,0.4594879,-5.0565333,1251,1180,84.557076
702,23.4,0.0048962217,-0.092374146,0.28053284,-5.2926483,1262,1202,84.557076
703,23.433333333333334,0.02260784,-0.09423063,1.2953337,-5.399017,1200,1206,84.557076
704,23.466666666666665,0.029798377,-0.08287305,1.7073212,-4.7482758,1174,1145,84.557076
705,23.5,0.018674353,-0.07881758,1.0699615,-4.5159144,1214,1127,84.557076
706,23.533333333333335,0.019025091,-0.0799212,1.0900574,-4.5791473,1212,1133,84.557076
707,23.566666666666666,0.01748312,-0.07804633,1.001709,-4.471725,1218,1124,84.557076
708,23.6,0.0020287964,-0.10000676,0.11624146,-5.7299647,1272,1243,84.557076
709,23.633333333333333,-0.0038200384,-0.09650257,-0.21887207,-5.5291896,1293,1227,84.557076
710,23.666666666666668,-0.009246229,-0.09477711,-0.5297699,-5.430328,1312,1219,84.557076
711,23.7,-0.0075420723,-0.09181009,-0.43212888,-5.2603307,1306,1203,84.557076
712,23.733333333333334,-0.0067260796,-0.11079469,-0.38537595,-6.3480678,1303,1303,84.557076
713,23.766666666666666,-0.11020507,-0.16831098,-6.314285,-9.643509,1670,1439,84.557076
714,23.8,-0.07595975,-0.13561882,-4.352173,-7.7703857,1548,1439,84.557076
715,23.833333333333332,-0.07656109,-0.13211598,-4.386627,-7.5696874,1550,1439,84.557076
716,23.866666666666667,-0.09024175,-0.12502609,-5.170471,-7.163467,1599,1414,84.557076
717,23.9,-0.028290762,-0.12181246,-1.6209412,-6.9793396,1379,1371,84.557076
718,23.933333333333334,0.014938204,-0.1090165,0.855896,-6.246185,1227,1286,84.557076
719,23.966666666666665,0.0057399115,-0.11314121,0.32887268,-6.4825134,1259,1311,84.557076
720,24.0,0.034178212,-0.055443823,1.9582672,-3.176697,1159,1003,84.557076
721,24.033333333333335,0.02509337,-0.035223503,1.437744,-2.018158,1191,901,84.557076
722,24.066666666666666,0.015714249,-0.059757873,0.90036005,-3.4238737,1224,1029,84.557076
723,24.1,0.026294457,-0.044506215,1.5065613,-2.550018,1187,948,84.557076
724,24.133333333333333,0.032480713,-0.08432261,1.8610077,-4.8313293,1161,1166,87.36337
725,24.166666666666668,0.011750666,-0.14133023,0.67326355,-8.097625,1237,1439,87.36337
726,24.2,-0.05357481,-0.15849032,-3.0696104,-9.080826,1475,1439,87.5087
727,24.233333333333334,-0.0639409,-0.24188107,-3.6635435,-13.858764,1513,1439,87.36337
728,24.266666666666666,0.027492078,-0.085719705,1.5751799,-4.911377,1179,1175,87.36337
729,24.3,-0.0745275,-0.011590343,-4.270111,-0.6640777,1552,785,87.36337
730,24.333333333333332,0.03657399,-0.15121882,2.0955353,-8.6642,1146,1439,87.36337
731,24.366666666666667,0.071852885,-0.105110444,4.116867,-6.0223846,1017,1263,87.36337
732,24.4,0.0547482,-0.059309933,3.1368406,-3.3982086,1080,1029,87.36337
733,24.433333333333334,0.05774266,-0.05967425,3.3084104,-3.4190826,1069,1030,87.36337
734,24.466666666666665,0.034882884,-0.062031947,1.998642,-3.5541685,1152,1047,87.36337
735,24.5,0.034670632,-0.04665299,1.9864808,-2.6730194,1153,966,87.36337
736,24.533333333333335,0.026008166,-0.04814676,1.4901581,-2.758606,1185,975,87.36337
737,24.566666666666666,0.043673977,-0.051771324,2.5023344,-2.9662783,1120,991,87.36337
738,24.6,0.04121029,-0.044813015,2.3611755,-2.5675964,1129,955,87.36337
739,24.633333333333333,0.045955773,-0.03901105,2.6330717,-2.2351685,1112,924,87.36337
740,24.666666666666668,0.04199033,-0.034422155,2.4058685,-1.9722441,1126,900,87.36337
741,24.7,0.04571476,-0.04362471,2.6192625,-2.4995117,1113,948,87.36337
742,24.733333333333334,0.048552625,-0.055671252,2.7818604,-3.1897275,1102,1011,87.36337
743,24.766666666666666,0.045249503,-0.050036535,2.5926054,-2.866882,1114,982,87.36337
744,24.8,0.05187865,-0.058612984,2.9724276,-3.3582764,1090,1026,87.36337
745,24.833333333333332,0.05325683,-0.06427033,3.0513914,-3.6824186,1085,1055,87.36337
746,24.866666666666667,0.044637244,-0.08142722,2.5575256,-4.665436,1117,1148,87.36337
747,24.9,0.05571493,-0.072417215,3.1922302,-4.1492004,1076,1097,87.36337
748,24.933333333333334,0.05850885,-0.07147152,3.35231,-4.095016,1066,1092,87.36337
749,24.966666666666665,0.056841977,-0.0663998,3.2568052,-3.8044279,1072,1066,87.36337
750,25.0,0.049925216,-0.0697631,2.860504,-3.997131,1097,1085,87.36337
751,25.033333333333335,0.057989802,-0.06925444,3.3225708,-3.967987,1068,1080,87.36337
752,25.066666666666666,0.05033588,-0.06920863,2.8840334,-3.965362,1096,1082,87.36337
753,25.1,0.06027985,-0.070000656,3.453781,-4.0107417,1059,1084,87.36337
754,25.133333333333333,0.05916612,-0.059054535,3.3899686,-3.3835754,1063,1027,87.36337
755,25.166666666666668,0.05568084,-0.05443528,3.190277,-3.1189115,1076,1003,87.36337
756,25.2,0.04700639,-0.051217116,2.6932676,-2.9345245,1108,988,87.36337
757,25.233333333333334,0.049269013,-0.050185677,2.8229063,-2.8754272,1100,982,87.36337
758,25.266666666666666,0.06145031,-0.03409086,3.5208433,-1.9532623,1055,896,87.36337
759,25.3,0.05142724,-0.029055886,2.9465637,-1.6647795,1092,871,87.36337
760,25.333333333333332,0.054830227,-0.030926226,3.1415405,-1.7719421,1079,881,87.36337
761,25.366666666666667,0.053509034,-0.032250084,3.0658417,-1.8477936,1084,888,87.36337
762,25.4,0.05465579,-0.050049055,3.131546,-2.8675995,1080,981,87.36337
763,25.433333333333334,0.057937607,-0.056380723,3.31958,-3.2303772,1068,1013,87.36337
764,25.466666666666665,0.06600405,-0.036098883,3.7817535,-2.0683136,1038,906,87.36337
765,25.5,0.061800785,-0.04352271,3.540924,-2.4936676,1054,945,87.36337
766,25.533333333333335,0.0647782,-0.039854474,3.7115173,-2.283493,1042,926,87.5087
767,25.566666666666666,0.05662573,-0.022073345,3.2444153,-1.2647095,1072,835,87.5087
768,25.6,0.033239182,-0.13438071,1.9044647,-7.699447,1158,1435,87.5087
769,25.633333333333333,-0.13825536,-0.1460214,-7.921448,-8.366409,1788,1439,87.5087
770,25.666666666666668,-0.11548319,-0.19341528,-6.6166987,-11.081879,1703,1439,87.5087
771,25.7,-0.061305437,-0.11270258,-3.5125427,-6.4573817,1504,1356,87.5087
772,25.733333333333334,0.038795866,-0.14679691,2.2228394,-8.410843,1138,1439,87.5087
773,25.766666666666666,0.0876931,-0.12462182,5.0244446,-7.140304,958,1359,87.5087
774,25.8,0.086700276,-0.08820363,4.96756,-5.0536957,962,1171,87.5087
775,25.833333333333332,0.05456258,-0.07510141,3.1262054,-4.302994,1080,1112,87.5087
776,25.866666666666667,0.0887621,-0.051606204,5.0856934,-2.9568176,954,983,87.5087
777,25.9,0.07234371,-0.06763391,4.144989,-3.8751376,1015,1069,87.5087
778,25.933333333333334,0.07070693,-0.04645645,4.051208,-2.6617582,1021,960,87.5087
779,25.966666666666665,0.06091768,-0.013038836,3.4903257,-0.74707025,1057,787,87.5087
780,26.0,0.075741634,-0.030719299,4.339676,-1.760086,1012,872,84.557076
781,26.033333333333335,0.07501432,-0.027401797,4.2980037,-1.5700072,1014,856,84.557076
782,26.066666666666666,0.07416211,-0.026839871,4.2491755,-1.5378113,1017,853,84.557076
783,26.1,0.07732595,-0.05364006,4.43045,-3.073349,1006,986,84.557076
784,26.133333333333333,0.07231495,-0.048954763,4.143341,-2.8049011,1024,964,84.557076
785,26.166666666666668,0.09151527,-0.039484028,5.2434387,-2.262268,955,914,84.557076
786,26.2,0.08436442,-0.028394625,4.833725,-1.6268921,981,860,84.557076
787,26.233333333333334,0.07178231,-0.013632455,4.1128235,-0.7810821,1026,787,84.557076
788,26.266666666666666,0.07086219,-0.015172563,4.060104,-0.86932373,1029,795,84.557076
789,26.3,0.07273892,-0.02093298,4.167633,-1.1993713,1022,824,84.557076
790,26.333333333333332,0.072738126,-0.022993999,4.1675873,-1.317459,1022,834,84.557076
791,26.366666666666667,0.074385285,-0.02475648,4.261963,-1.4184418,1016,843,84.557076
792,26.4,0.0810573,-0.05725344,4.644241,-3.2803802,993,1004,84.557076
793,26.433333333333334,0.08291432,-0.061202373,4.7506404,-3.5066376,986,1023,84.557076
794,26.466666666666665,0.07160655,-0.060038306,4.1027527,-3.4399414,1026,1019,84.557076
795,26.5,0.07155541,-0.061096646,4.099823,-3.5005798,1026,1025,84.557076
796,26.533333333333335,0.08535671,-0.032229576,4.890579,-1.8466187,977,879,84.557076
797,26.566666666666666,0.071620926,-0.04723223,4.1035767,-2.7062073,1026,955,84.557076
798,26.6,0.071472324,-0.03732154,4.0950623,-2.1383667,1027,906,84.557076
799,26.633333333333333,0.0688515,-0.023080286,3.9449003,-1.3224028,1036,835,84.557076
800,26.666666666666668,0.07987779,-0.13748729,4.5766597,-7.877441,987,1429,87.36337
801,26.7,-0.022132734,-0.12831643,-1.2681122,-7.3519897,1360,1427,87.5087
802,26.733333333333334,-0.057999924,-0.10150426,-3.3231506,-5.8157654,1491,1290,87.36337
803,26.766666666666666,-0.06990984,-0.02891767,-4.0055385,-1.6568604,1535,883,87.5087
804,26.8,0.11029908,-0.12937903,6.3196716,-7.4128723,875,1374,87.5087
805,26.833333333333332,0.097351596,-0.049938,5.577835,-2.8612366,923,973,87.5087
806,26.866666666666667,0.072994314,-0.04750041,4.1822658,-2.7215729,1012,965,87.5087
807,26.9,0.09540694,-0.020310331,5.466415,-1.1636962,930,823,87.5087
808,26.933333333333334,0.107958436,-0.020892499,6.1855626,-1.197052,883,825,87.5087
809,26.966666666666665,0.08649308,-0.025302693,4.9556885,-1.4497374,963,849,87.5087
810,27.0,0.09104335,0.0066887955,5.2163997,0.38323975,946,685,87.5087
811,27.033333333333335,0.09167293,-0.003960387,5.2524714,-0.22691344,944,740,87.5087
812,27.066666666666666,0.086088285,-0.028860144,4.932495,-1.6535643,964,867,87.5087
813,27.1,0.0944317,-0.01995693,5.4105372,-1.1434478,933,821,87.5087
814,27.133333333333333,0.08189674,-0.0040466734,4.692337,-0.2318573,980,740,87.5087
815,27.166666666666668,0.08575086,-0.010055032,4.913162,-0.57611084,965,771,87.5087
816,27.2,0.10161265,-0.05509734,5.8219757,-3.1568449,907,998,87.5087
817,27.233333333333334,0.10141717,-0.049514823,5.8107753,-2.83699,920,962,84.68882
818,27.266666666666666,0.10591605,-0.05291275,6.0685425,-3.031677,903,978,84.68882
819,27.3,0.10595759,-0.052883722,6.0709224,-3.0300138,903,978,84.68882
820,27.333333333333332,0.10237777,-0.049200572,5.8658137,-2.818985,916,960,84.68882
821,27.366666666666667,0.1053693,-0.04418211,6.0372157,-2.5314484,905,935,84.68882
822,27.4,0.10290002,-0.037487723,5.8957367,-2.1478882,914,903,84.68882
823,27.433333333333334,0.0992459,-0.03450205,5.686371,-1.9768219,927,889,84.68882
824,27.466666666666665,0.0972994,-0.033606164,5.5748444,-1.9254912,935,884,84.557076
825,27.5,0.0972211,-0.031636756,5.5703583,-1.8126525,935,875,84.557076
826,27.533333333333335,0.095975004,-0.037648577,5.4989624,-2.1571045,940,904,84.557076
827,27.566666666666666,0.09975616,-0.039807867,5.7156067,-2.2808228,926,914,84.557076
828,27.6,0.08486136,-0.050482616,4.8621974,-2.8924406,979,969,84.557076
829,27.633333333333333,0.07155594,-0.07091865,4.099853,-4.063339,1026,1074,84.557076
830,27.666666666666668,0.09234965,-0.043549877,5.291245,-2.495224,952,934,84.557076
831,27.7,0.08835357,-0.040060334,5.0622864,-2.2952878,967,917,84.557076
832,27.733333333333334,0.062297467,-0.0635132,3.5693817,-3.6390378,1059,1039,84.557076
833,27.766666666666666,0.08699189,-0.038346857,4.9842677,-2.197113,972,909,84.557076
834,27.8,0.06896868,-0.07899389,3.9516144,-4.526016,1036,1115,84.557076
835,27.833333333333332,0.06480057,-0.057820693,3.7127988,-3.3128815,1050,1010,84.557076
836,27.866666666666667,0.07008961,-0.07626148,4.0158386,-4.369461,1032,1101,84.557076
837,27.9,0.07576641,-0.07827723,4.341095,-4.484955,1011,1110,84.557076
838,27.933333333333334,0.1031722,-0.057235327,5.911331,-3.2793424,914,999,84.557076
839,27.966666666666665,0.10052182,-0.04740853,5.7594757,-2.7163084,923,952,84.557076
840,28.0,0.10417754,-0.026844665,5.968933,-1.5380859,897,855,87.5087
841,28.033333333333335,0.1148893,-0.0313249,6.5826716,-1.7947845,858,877,87.5087
842,28.066666666666666,0.12286041,-0.036625125,7.0393825,-2.098465,828,902,87.5087
843,28.1,0.13146108,-0.031378694,7.532165,-1.7978666,796,875,87.5087
844,28.133333333333333,0.1254767,-0.029637787,7.1892853,-1.69812,819,867,87.5087
845,28.166666666666668,0.107468136,-0.025407089,6.15747,-1.4557189,885,848,87.5087
846,28.2,0.105833486,-0.041760497,6.063812,-2.3927002,891,930,87.5087
847,28.233333333333334,0.111018404,-0.050874367,6.3608856,-2.9148865,872,975,87.5087
848,28.266666666666666,0.10257192,-0.05215375,5.876938,-2.9881897,903,983,87.5087
849,28.3,0.106218584,-0.050662916,6.0858765,-2.902771,890,975,87.5087
850,28.333333333333332,0.10496077,-0.055339158,6.0138087,-3.1707,895,999,87.5087
851,28.366666666666667,0.10916111,-0.051203802,6.2544703,-2.9337616,879,977,87.5087
852,28.4,0.10917815,-0.05255722,6.255447,-3.0113068,879,984,87.5087
853,28.433333333333334,0.10972916,-0.034385405,6.287018,-1.9701385,877,893,87.5087
854,28.466666666666665,0.11924464,-0.05229996,6.8322144,-2.996567,842,981,87.5087
855,28.5,0.11494203,-0.069029406,6.585693,-3.9550934,858,1066,87.5087
856,28.533333333333335,0.075358935,-0.0731344,4.3177485,-4.1902924,1004,1097,87.5087
857,28.566666666666666,0.14470446,-0.044805825,8.290955,-2.5671844,747,940,87.5087
858,28.6,0.0753411,-0.06625067,4.3167267,-3.7958834,1004,1061,87.5087
859,28.633333333333333,0.07358581,-0.062401596,4.216156,-3.575348,1010,1042,87.5087
860,28.666666666666668,0.14002821,-0.03718279,8.023025,-2.1304169,764,903,87.5087
861,28.7,0.14690742,-0.056067802,8.417174,-3.2124484,739,995,87.5087
862,28.733333333333334,0.14526638,-0.065082595,8.323151,-3.728958,745,1039,87.5087
863,28.766666666666666,0.14947978,-0.06158134,8.56456,-3.5283506,711,1031,90.36188
864,28.8,0.14598411,-0.024695227,8.364273,-1.4149323,725,845,90.36188
865,28.833333333333332,0.13790727,-0.030098248,7.901504,-1.7245024,756,873,90.36188
866,28.866666666666667,0.16457137,-0.019245867,9.429245,-1.1027069,653,816,90.36188
867,28.9,0.16389067,-0.011898737,9.390244,-0.6817474,655,779,90.36188
868,28.933333333333334,0.14777029,-0.018339593,8.466613,-1.0507812,718,812,90.36188
869,28.966666666666665,0.14803049,-0.019685023,8.481522,-1.1278687,717,819,90.36188
870,29.0,0.15240073,-0.01844106,8.731918,-1.0565948,700,812,90.36188
871,29.033333333333335,0.143338,-0.020999558,8.212662,-1.203186,735,826,90.36188
872,29.066666666666666,0.124568835,-0.032155808,7.137268,-1.842392,807,885,90.36188
873,29.1,0.1401406,-0.018564098,8.029464,-1.0636444,764,811,87.5087
874,29.133333333333333,0.14511326,-0.01904906,8.314377,-1.0914307,745,813,87.5087
875,29.166666666666668,0.17114459,-0.023837956,9.805862,-1.3658142,648,834,87.5087
876,29.2,0.16611548,-0.0035222971,9.517715,-0.20181274,667,737,87.5087
877,29.233333333333334,0.17353716,-0.005989183,9.942946,-0.3431549,639,748,87.5087
878,29.266666666666666,0.19023333,-0.026263295,10.899567,-1.5047759,553,848,90.36188
879,29.3,0.1798534,-0.014108096,10.30484,-0.80833435,593,789,90.36188
880,29.333333333333332,0.17900226,-0.014842862,10.256073,-0.8504333,597,793,90.36188
881,29.366666666666667,0.17696492,-0.015604527,10.139342,-0.8940735,605,797,90.36188
882,29.4,0.1720663,-0.014214356,9.858672,-0.8144226,624,790,90.36188
883,29.433333333333334,0.16633998,-0.015310514,9.530579,-0.8772278,646,796,90.36188
884,29.466666666666665,0.20581204,-0.017064206,11.79216,-0.97770697,492,802,90.36188
885,29.5,0.20371212,-0.008120511,11.6718445,-0.46527097,500,759,90.36188
886,29.533333333333335,0.18566442,-0.02483957,10.637787,-1.4232025,571,842,90.36188
887,29.566666666666666,0.15466787,-0.022301843,8.861815,-1.2778014,691,832,90.36188
888,29.6,0.16660391,-0.027252128,9.5457,-1.5614319,645,856,90.36188
889,29.633333333333333,0.19038272,-0.028793832,10.908126,-1.649765,552,861,90.36188
890,29.666666666666668,0.1824617,-0.020026704,10.454285,-1.1474456,583,818,90.36188
891,29.7,0.18348967,-0.017311879,10.513183,-0.9918975,579,805,90.36188
892,29.733333333333334,0.1787503,-0.015308383,10.241637,-0.8771057,598,795,90.36188
893,29.766666666666666,0.17508739,-0.024121316,10.031768,-1.3820496,612,839,90.36188
894,29.8,0.1820345,-0.035411786,10.429809,-2.0289457,585,894,90.36188
895,29.833333333333332,0.18399541,-0.031229291,10.54216,-1.7893065,577,873,90.36188
896,29.866666666666667,0.16852245,-0.041034255,9.655624,-2.3510895,637,924,90.36188
897,29.9,0.1717153,-0.044916607,9.838562,-2.5735319,625,943,90.36188
898,29.933333333333334,0.18075515,-0.031660195,10.356507,-1.8139955,590,876,90.36188
899,29.966666666666665,0.18374482,-0.024091754,10.527802,-1.3803557,578,838,90.36188
900,30.0,0.20824376,-0.0148865385,11.931488,-0.8529358,482,792,90.36188
901,30.033333333333335,0.2033675,-0.02095029,11.652099,-1.200363,501,821,90.36188
902,30.066666666666666,0.20836173,-0.010902981,11.938247,-0.62469476,482,772,90.36188
903,30.1,0.20364234,-0.018252509,11.667846,-1.0457916,500,808,90.36188
904,30.133333333333333,0.2052674,-0.019524435,11.760955,-1.1186676,494,814,90.36188
905,30.166666666666668,0.20634039,-0.021111146,11.8224325,-1.2095795,490,822,90.36188
906,30.2,0.20583414,-0.018965436,11.7934265,-1.0866394,492,811,90.36188
907,30.233333333333334,0.2071388,-0.014190921,11.868178,-0.81307983,486,788,90.36188
908,30.266666666666666,0.20422266,-0.016039953,11.701097,-0.91902155,498,797,90.36188
909,30.3,0.20940009,-0.018617628,11.997741,-1.0667114,478,810,90.36188
910,30.333333333333332,0.19954163,-0.011092599,11.432893,-0.635559,516,774,90.36188
911,30.366666666666667,0.20645198,-0.02148532,11.828827,-1.2310181,489,824,90.36188
912,30.4,0.20927094,-0.030076675,11.990341,-1.7232665,478,865,90.36188
913,30.433333333333334,0.20664106,-0.031336885,11.83966,-1.7954712,515,866,87.36337
914,30.466666666666665,0.218037,-0.034311637,12.492599,-1.9659119,471,879,87.36337
915,30.5,0.22693434,-0.03800091,13.002379,-2.1772916,437,895,87.36337
916,30.533333333333335,0.2368565,-0.03254676,13.570877,-1.8647918,399,869,87.36337
917,30.566666666666666,0.19518095,-0.088071,11.183044,-5.0460963,558,1137,87.36337
918,30.6,0.08964866,-0.11910642,5.1364894,-6.8242946,952,1329,87.36337
919,30.633333333333333,0.089834556,-0.11717083,5.1471405,-6.7133937,961,1300,84.68882
920,30.666666666666668,0.20484823,-0.09969544,11.736938,-5.712127,545,1174,84.68882
921,30.7,0.27078277,-0.105342135,15.5147085,-6.0356593,298,1176,84.68882
922,30.733333333333334,0.23512252,-0.050667975,13.471527,-2.903061,432,945,84.68882
923,30.766666666666666,0.2223753,-0.08404324,12.741166,-4.815323,453,1110,87.5087
924,30.8,0.15843785,-0.0502392,9.07782,-2.878494,696,964,87.5087
925,30.833333333333332,0.16163124,-0.054301057,9.260787,-3.1112213,684,983,87.5087
926,30.866666666666667,0.1504164,-0.05579562,8.618225,-3.1968534,726,993,87.5087
927,30.9,0.15342204,-0.057755444,8.790435,-3.309143,714,1002,87.5087
928,30.933333333333334,0.1538961,-0.034456246,8.817596,-1.9741974,713,888,87.5087
929,30.966666666666665,0.15197116,-0.022719428,8.707306,-1.3017273,720,830,87.5087
930,31.0,0.15274134,-0.01345722,8.751433,-0.77104187,717,785,87.5087
931,31.033333333333335,0.14652233,-0.03356302,8.39511,-1.9230194,740,884,87.5087
932,31.066666666666666,0.15812573,-0.01568735,9.059937,-0.8988189,697,796,87.5087
933,31.1,0.15502422,-0.0043598614,8.882233,-0.24980164,708,741,87.5087
934,31.133333333333333,0.16974403,-0.007405985,9.7256155,-0.42433167,653,755,87.5087
935,31.166666666666668,0.16398469,0.009767676,9.39563,0.55964655,675,672,87.5087
936,31.2,0.19524488,-0.02513385,11.186707,-1.4400635,533,842,90.36188
937,31.233333333333334,0.2388544,-0.037972152,13.685348,-2.175644,361,899,90.36188
938,31.266666666666666,0.1918363,-0.017851437,10.991409,-1.0228119,547,807,90.36188
939,31.3,0.2057686,-0.029659892,11.789672,-1.6993865,492,863,90.36188
940,31.333333333333332,0.18297836,-0.0061580273,10.483888,-0.35282895,581,750,90.36188
941,31.366666666666667,0.24578501,-0.023648871,14.082443,-1.3549805,333,831,90.36188
942,31.4,0.17421602,-0.0024351946,9.981842,-0.13952637,615,732,90.36188
943,31.433333333333334,0.17576544,-0.004086887,10.070618,-0.23416136,609,740,90.36188
944,31.466666666666665,0.1646755,-0.0074318177,9.435211,-0.42581177,652,757,90.36188
945,31.5,0.1646281,0.014795991,9.432495,0.84774774,653,646,90.36188
946,31.533333333333335,0.16747183,0.013927268,9.595428,0.79797363,642,650,90.36188
947,31.566666666666666,0.16952565,0.0150979925,9.713104,0.8650512,634,644,90.36188
948,31.6,0.23710817,-0.02251916,13.585297,-1.2902528,368,826,90.36188
949,31.633333333333333,0.23388547,-0.018025074,13.400649,-1.0327606,380,805,90.36188
950,31.666666666666668,0.23483703,-0.010702978,13.45517,-0.6132354,377,770,90.36188
951,31.7,0.23320292,-0.010738399,13.361543,-0.6152649,383,770,90.36188
952,31.733333333333334,0.2263402,-0.0071636373,12.968338,-0.41044617,410,754,90.36188
953,31.766666666666666,0.22159365,-0.00781984,12.69638,-0.4480438,429,757,90.36188
954,31.8,0.2321443,-0.007969243,13.300888,-0.456604,417,756,87.36337
955,31.833333333333332,0.23799473,-0.005073322,13.636093,-0.29067993,394,743,87.36337
956,31.866666666666667,0.23819101,0.00031345405,13.647339,0.017959593,363,718,90.36188
957,31.9,0.23695129,-0.0071878717,13.576308,-0.4118347,398,752,87.36337
958,31.933333333333334,0.26920325,0.0065047713,15.424209,0.37269592,273,690,87.36337
959,31.966666666666665,0.25319368,-0.006459497,14.506928,-0.3701019,335,749,87.36337
960,32.0,0.2551713,-0.030754717,14.620237,-1.7621154,328,858,87.36337
961,32.03333333333333,0.21146725,0.010754909,12.11618,0.6162109,496,669,87.36337
962,32.06666666666667,0.27352422,-0.04528519,15.6717825,-2.5946503,256,921,87.36337
963,32.1,0.23124069,-0.024240626,13.249115,-1.3888855,420,831,87.36337
964,32.13333333333333,0.23039699,-0.10903222,13.200774,-6.2470856,424,1223,87.36337
965,32.166666666666664,0.08274655,-0.09929996,4.741028,-5.6894684,977,1229,87.36337
966,32.2,-0.0077535273,-0.042434275,-0.44424435,-2.4313047,1307,942,84.557076
967,32.233333333333334,0.2653579,-0.07420392,15.203888,-4.251571,320,1042,84.557076
968,32.266666666666666,0.30702466,-0.02678634,17.591217,-1.5347441,160,832,84.557076
969,32.3,0.27973634,-0.031034615,16.02771,-1.7781523,231,857,87.36337
970,32.333333333333336,0.24645852,-0.027104322,14.121032,-1.5529631,362,843,87.36337
971,32.36666666666667,0.25863555,-0.016895095,14.818725,-0.9680176,314,796,87.36337
972,32.4,0.28489807,0.0045372276,16.323456,0.259964,211,700,87.36337
973,32.43333333333333,0.2802828,0.0052520204,16.059021,0.30091858,229,696,87.36337
974,32.46666666666667,0.26767913,0.004190484,15.336884,0.24009703,279,701,87.36337
975,32.5,0.25936952,0.009379388,14.860778,0.5373993,311,677,87.36337
976,32.53333333333333,0.2650772,0.010363958,15.187804,0.59381104,289,673,87.36337
977,32.56666666666667,0.24457088,0.013725666,14.012878,0.7864227,369,657,87.36337
978,32.6,0.24294554,0.013474264,13.919753,0.77201843,375,658,87.36337
979,32.63333333333333,0.26768738,0.0018998992,15.337357,0.1088562,279,711,87.36337
980,32.666666666666664,0.26699364,-0.0002958772,15.297608,-0.016952513,282,721,87.36337
981,32.7,0.2671702,0.0014996261,15.307723,0.08592224,281,713,87.36337
982,32.733333333333334,0.26396453,-0.0013819144,15.124053,-0.07917786,293,726,87.36337
983,32.766666666666666,0.25475132,0.009175123,14.596175,0.5256958,329,678,87.36337
984,32.8,0.26685834,-0.0072099767,15.289856,-0.4131012,282,752,87.36337
985,32.833333333333336,0.27109942,-0.0099141495,15.532851,-0.5680389,265,764,87.36337
986,32.86666666666667,0.2647635,-0.0024418524,15.16983,-0.13990782,290,730,87.36337
987,32.9,0.26162255,0.012014053,14.989867,0.6883545,303,666,87.36337
988,32.93333333333333,0.27110556,0.010447049,15.533203,0.5985718,265,673,87.36337
989,32.96666666666667,0.26917157,0.020571321,15.422394,1.1786498,273,628,87.36337
990,33.0,0.27604356,0.012871858,15.816131,0.7375031,246,662,87.36337
991,33.03333333333333,0.28019625,0.010994062,16.054062,0.62991333,230,671,87.36337
992,33.06666666666667,0.2799334,0.008735435,16.039001,0.50050354,231,681,87.36337
993,33.1,0.290345,-0.0034551853,16.635544,-0.19796753,189,735,87.36337
994,33.13333333333333,0.2826892,0.0067910613,16.196898,0.38909912,220,690,87.36337
995,33.166666666666664,0.28502697,0.0022935143,16.330841,0.13140868,210,709,87.36337
996,33.2,0.29681703,-0.0021723406,17.006363,-0.12446594,164,729,87.36337
997,33.233333333333334,0.28475583,-0.0040176446,16.315306,-0.23019406,212,737,87.36337
998,33.266666666666666,0.30036116,-0.0078091873,17.209425,-0.44743344,149,753,87.36337
999,33.3,0.28985927,-0.0010330402,16.607712,-0.059188843,191,724,87.36337
1000,33.333333333333336,0.28687465,-0.0047087353,16.436707,-0.26979065,203,740,87.36337
1001,33.36666666666667,0.2893812,-0.00261336,16.58032,-0.1497345,193,731,87.36337
1002,33.4,0.29642102,-0.003695935,16.983673,-0.21176146,165,736,87.36337
1003,33.43333333333333,0.2628436,-0.004199539,15.059829,-0.24061584,298,738,87.36337
1004,33.46666666666667,0.30028155,-0.010021209,17.204865,-0.5741729,184,762,84.68882
1005,33.5,0.3200057,-0.019364377,18.334976,-1.1094971,107,800,84.68882
1006,33.53333333333333,0.31775615,-0.019599268,18.206085,-1.1229553,78,804,87.5087
1007,33.56666666666667,0.29827777,-0.0013973607,17.090055,-0.080062866,161,726,87.122765
1008,33.6,0.28704616,-0.0031015174,16.446533,-0.17770386,201,733,87.5087
1009,33.63333333333333,0.27954295,-0.0009851033,16.01663,-0.05644226,230,724,87.5087
1010,33.666666666666664,0.3243962,-0.0094616795,18.586533,-0.54211426,56,760,87.122765
1011,33.7,0.3213349,-0.008363125,18.411133,-0.47917172,68,755,87.122765
1012,33.733333333333334,0.32147712,0.0013667344,18.419281,0.078308105,68,714,87.122765
1013,33.766666666666666,0.3265627,-0.0034429347,18.710663,-0.19726561,47,734,87.122765
1014,33.8,0.25780413,-0.009149291,14.771088,-0.5242157,320,761,87.122765
1015,33.833333333333336,0.23354459,-0.062346734,13.381119,-3.5722046,410,1006,87.5087
1016,33.86666666666667,0.10153941,-0.11468877,5.8177795,-6.5711823,907,1302,87.5087
1017,33.9,0.119551435,-0.122001275,6.8497925,-6.9901576,842,1329,87.122765
1018,33.93333333333333,0.1882349,-0.055098943,10.785065,-3.1569366,583,982,87.5087
1019,33.96666666666667,0.31595373,-0.1008619,18.102814,-5.7789607,85,1155,87.5087
1020,34.0,0.31783152,-0.02570137,18.210403,-1.47258,77,830,87.5087
1021,34.03333333333333,0.32724553,-0.0237016,18.749786,-1.3580016,41,820,87.36337
1022,34.06666666666667,0.2956133,0.014324345,16.937393,0.8207244,168,657,87.36337
1023,34.1,0.2986586,0.009427324,17.111877,0.5401458,156,678,87.36337
1024,34.13333333333333,0.26736885,0.022278141,15.319106,1.2764434,280,620,87.36337
1025,34.166666666666664,0.3124655,0.0050102053,17.902952,0.2870636,101,698,87.36337
1026,34.2,0.3209972,0.011954664,18.391785,0.6849518,66,668,87.36337
1027,34.233333333333334,0.32587293,-0.015390408,18.671143,-0.88180536,47,785,87.36337
1028,34.266666666666666,0.32429713,-0.00037736993,18.580856,-0.021621702,53,721,87.36337
1029,34.3,0.3285286,-0.0010535466,18.823301,-0.06036377,36,724,87.36337
1030,34.333333333333336,0.3148421,0.0033262882,18.039124,0.19058226,128,706,84.68882
1031,34.36666666666667,0.3120767,0.00256276,17.880676,0.14683531,138,709,84.68882
1032,34.4,0.3084175,0.008311726,17.67102,0.4762268,153,685,84.68882
1033,34.43333333333333,0.32105312,0.0020604879,18.394987,0.11805725,103,711,84.68882
1034,34.46666666666667,0.3160568,-0.0004759069,18.108719,-0.027267456,123,721,84.68882
1035,34.5,0.3195783,0.002827478,18.310486,0.16200255,109,708,84.68882
1036,34.53333333333333,0.31957722,0.0016045546,18.310425,0.091934204,109,713,84.68882
1037,34.56666666666667,0.31871116,-0.005231514,18.260803,-0.29974365,113,741,84.68882
1038,34.6,0.31625333,-0.0028578383,18.11998,-0.16374207,122,731,84.68882
1039,34.63333333333333,0.3209192,-0.007516772,18.387314,-0.4306793,104,751,84.68882
1040,34.666666666666664,0.3108298,-0.015704395,17.809235,-0.89979553,143,785,84.68882
1041,34.7,0.31643787,-0.0010162623,18.130554,-0.05822754,121,724,84.68882
1042,34.733333333333334,0.31369933,-0.018401112,17.973646,-1.054306,132,796,84.68882
1043,34.766666666666666,0.31494915,-0.020369986,18.045256,-1.1671141,89,807,87.5087
1044,34.8,0.34419388,-0.016918264,19.720856,-0.9693451,0,791,87.5087
1045,34.833333333333336,0.34637955,-0.013772804,19.846085,-0.78912354,0,777,87.5087
1046,34.86666666666667,0.34078395,-0.013480655,19.52548,-0.7723846,0,776,87.5087
1047,34.9,0.35173514,-0.016403476,20.152939,-0.93984985,0,788,87.5087
1048,34.93333333333333,0.35083926,-0.012144813,20.101608,-0.6958465,0,770,87.5087
1049,34.96666666666667,0.3627207,-0.01302126,20.782364,-0.7460632,0,773,87.5087
1050,35.0,0.35634962,-0.0071039824,20.417328,-0.4070282,0,749,87.5087
1051,35.03333333333333,0.35555092,-0.010391122,20.371565,-0.5953674,0,763,87.5087
1052,35.06666666666667,0.35169387,-0.0036709013,20.150574,-0.21032713,0,735,87.5087
1053,35.1,0.33955702,-0.004569718,19.455183,-0.26182556,0,739,87.5087
1054,35.13333333333333,0.32661888,0.0078336885,18.713882,0.44883728,42,686,87.5087
1055,35.166666666666664,0.34368843,0.0046970174,19.691895,0.26911926,0,699,90.36188
1056,35.2,0.33841935,0.00030013826,19.39,0.017196655,0,718,90.36188
1057,35.233333333333334,0.31188068,0.011385281,17.869446,0.6523285,63,669,90.36188
1058,35.266666666666666,0.2944026,-0.06775588,16.868025,-3.8821256,135,1026,90.36188
1059,35.3,0.16778687,-0.112776354,9.613479,-6.461609,640,1284,90.36188
1060,35.333333333333336,0.15440315,-0.06978681,8.846648,-3.9984894,692,1071,90.36188
1061,35.36666666666667,0.31893593,-0.0839732,18.273682,-4.81131,33,1092,90.36188
1062,35.4,0.31424344,-0.056678995,18.004822,-3.247467,53,972,90.36188
1063,35.43333333333333,0.33277637,-0.006974819,19.06668,-0.3996277,0,750,90.36188
1064,35.46666666666667,0.33957595,-0.003347061,19.456268,-0.19177246,0,734,90.36188
1065,35.5,0.3285409,-0.0024090956,18.824005,-0.138031,0,730,90.36188
1066,35.53333333333333,0.31143698,-0.010428407,17.844023,-0.59750366,65,766,90.36188
1067,35.56666666666667,0.34634012,-0.0033662356,19.843826,-0.19287108,0,734,90.36188
1068,35.6,0.36298117,0.0021081583,20.797289,0.12078857,0,711,90.36188
1069,35.63333333333333,0.3456096,0.006242716,19.801971,0.35768127,0,692,90.36188
1070,35.666666666666664,0.3730564,0.0032541165,21.374557,0.18644713,0,706,90.36188
1071,35.7,0.35617998,0.0070792153,20.407608,0.40560913,0,690,87.5087
1072,35.733333333333334,0.35338765,0.013920077,20.24762,0.79756165,0,662,87.5087
1073,35.766666666666666,0.3701504,0.01591878,21.208054,0.91207886,0,654,87.5087
1074,35.8,0.35580605,0.00022530343,20.386185,0.012908936,0,719,87.5087
1075,35.833333333333336,0.3578615,0.00081013364,20.503952,0.046417236,0,716,87.5087
1076,35.86666666666667,0.35445955,-0.017770477,20.309036,-1.0181732,0,793,87.5087
1077,35.9,0.37040046,0.015390675,21.222382,0.8818207,0,656,87.5087
1078,35.93333333333333,0.37132296,0.01378106,21.275238,0.78959656,0,663,87.5087
1079,35.96666666666667,0.36734688,0.0026495792,21.047424,0.15180969,0,708,90.36188
1080,36.0,0.37362608,-0.0017196031,21.407196,-0.09852599,0,727,90.36188
1081,36.03333333333333,0.37465537,-0.0032743567,21.46617,-0.18760681,0,733,90.36188
1082,36.06666666666667,0.38043764,-0.0014325144,21.79747,-0.08207703,0,726,90.36188
1083,36.1,0.3810997,-0.009877665,21.835403,-0.5659485,0,761,90.36188
1084,36.13333333333333,0.37613425,-0.027476367,21.550903,-1.5742798,0,835,90.36188
1085,36.166666666666664,0.372258,-0.021086644,21.328812,-1.2081757,0,806,87.5087
1086,36.2,0.37498373,-0.00628506,21.484983,-0.3601074,0,745,87.5087
1087,36.233333333333334,0.38570112,-0.018949723,22.099045,-1.0857391,0,796,87.5087
1088,36.266666666666666,0.38764042,-0.0036477318,22.21016,-0.20899963,0,734,87.5087
1089,36.3,0.39298326,-0.01631053,22.516281,-0.9345245,0,785,87.5087
1090,36.333333333333336,0.38699353,-0.0013177322,22.173094,-0.07550049,0,725,87.5087
1091,36.36666666666667,0.38486594,0.008097341,22.051193,0.46394345,0,687,87.5087
1092,36.4,0.37245697,-0.015978701,21.340212,-0.9155121,0,785,87.5087
1093,36.43333333333333,0.37239677,-0.017959028,21.336761,-1.0289764,0,793,87.5087
1094,36.46666666666667,0.37503994,-0.013830328,21.488205,-0.7924194,0,776,87.5087
1095,36.5,0.37711987,-0.012029766,21.607376,-0.68925476,0,769,87.5087
1096,36.53333333333333,0.3755683,-0.013536582,21.518476,-0.775589,0,775,87.5087
1097,36.56666666666667,0.3749502,-0.013136575,21.483063,-0.7526703,0,773,87.5087
1098,36.6,0.37846687,-0.012944028,21.684553,-0.7416381,0,772,87.5087
1099,36.63333333333333,0.37578002,-0.012392754,21.530607,-0.71005243,0,770,87.5087
1100,36.666666666666664,0.3787625,-0.00025513084,21.701492,-0.01461792,0,721,87.5087
1101,36.7,0.3769007,-0.0036541233,21.594818,-0.20936583,0,734,87.5087
1102,36.733333333333334,0.3896391,-0.010926417,22.324675,-0.62603754,0,764,87.5087
1103,36.766666666666666,0.39555216,-0.0075958683,22.663467,-0.43521118,0,750,87.5087
1104,36.8,0.38883242,0.017373398,22.278456,0.9954223,0,649,87.5087
1105,36.833333333333336,0.40326172,0.013108078,23.105194,0.75103754,0,667,87.5087
1106,36.86666666666667,0.40149498,0.009210543,23.003967,0.5277252,0,683,87.5087
1107,36.9,0.39840198,0.010786868,22.82675,0.61804193,0,676,87.5087
1108,36.93333333333333,0.4041443,0.013105417,23.15576,0.750885,0,667,87.5087
1109,36.96666666666667,0.39400324,0.019399265,22.574722,1.111496,0,642,87.5087
1110,37.0,0.3915883,0.004674647,22.436356,0.26783752,0,701,87.5087
1111,37.03333333333333,0.38744202,0.01522689,22.198792,0.8724365,0,658,87.5087
1112,37.06666666666667,0.39212438,0.016938237,22.467072,0.97048944,0,651,87.5087
1113,37.1,0.39448556,0.0021907163,22.602356,0.1255188,0,711,87.5087
1114,37.13333333333333,0.35256153,0.013416473,20.200287,0.7687072,0,664,87.5087
1115,37.166666666666664,0.38365927,0.005511412,21.982056,0.31578064,0,697,87.5087
1116,37.2,0.36114702,-0.05649923,20.692198,-3.2371674,0,953,87.5087
1117,37.233333333333334,0.35927188,-0.07351869,20.58476,-4.212311,0,1025,87.5087
1118,37.266666666666666,0.3566223,-0.11830534,20.432953,-6.778396,0,1213,87.5087
1119,37.3,0.33868727,-0.13218361,19.40535,-7.5735626,0,1280,87.5087
1120,37.333333333333336,0.3351796,-0.12824266,19.204374,-7.3477626,7,1265,87.5087
1121,37.36666666666667,0.33159658,-0.07283746,18.999084,-4.173279,21,1029,87.5087
1122,37.4,0.34438828,-0.027068371,19.731993,-1.5509033,0,833,87.5087
1123,37.43333333333333,0.35651234,-0.052604623,20.426651,-3.0140228,0,938,87.5087
1124,37.46666666666667,0.3519133,-0.025052888,20.163145,-1.4354247,0,824,87.5087
1125,37.5,0.33673808,-0.03264716,19.29367,-1.8705443,0,858,87.5087
1126,37.53333333333333,0.3488664,-0.04208141,19.988571,-2.411087,0,896,87.5087
1127,37.56666666666667,0.35725883,-0.027120037,20.469421,-1.5538635,0,832,87.5087
1128,37.6,0.36296517,-0.010801782,20.796371,-0.6188965,0,764,87.5087
1129,37.63333333333333,0.34438562,-0.009820674,19.731842,-0.5626831,0,761,87.5087
1130,37.666666666666664,0.3669013,0.0045665223,21.021894,0.26164246,0,701,87.5087
1131,37.7,0.377807,-0.010457701,21.646746,-0.5991821,0,762,87.5087
1132,37.733333333333334,0.35060197,-0.013748303,20.088013,-0.7877197,0,777,87.5087
1133,37.766666666666666,0.34543678,-0.011529357,19.792068,-0.6605835,0,768,87.5087
1134,37.8,0.35340255,-0.011755726,20.248474,-0.67355347,0,768,87.5087
1135,37.833333333333336,0.3479681,-0.049935337,19.937103,-2.861084,0,929,87.5087
1136,37.86666666666667,0.3399773,-0.139384,19.479263,-7.9861145,0,1311,87.5087
1137,37.9,0.1456632,-0.10753179,8.345886,-6.1611176,743,1249,87.5087
1138,37.93333333333333,0.1511312,-0.09993325,8.65918,-5.7257533,723,1209,87.5087
1139,37.96666666666667,0.22509144,-0.04352591,12.896789,-2.4938507,443,921,87.5087
1140,38.0,0.34240103,-0.12022441,19.618134,-6.888351,0,1227,87.5087
1141,38.03333333333333,0.33821028,-0.06674814,19.378021,-3.8243866,0,1002,87.5087
1142,38.06666666666667,0.3555304,-0.033569947,20.370392,-1.9234161,0,859,87.5087
1143,38.1,0.33777887,-0.013719542,19.353302,-0.78607184,0,777,87.5087
1144,38.13333333333333,0.32314107,-0.00023675503,18.514618,-0.0135650635,56,721,87.5087
1145,38.166666666666664,0.3313665,-0.0157763,18.9859,-0.9039154,22,786,87.5087
1146,38.2,0.34704107,-0.010874752,19.883987,-0.62307733,0,765,87.5087
1147,38.233333333333334,0.35461164,-0.035596345,20.317749,-2.0395203,0,868,87.5087
1148,38.266666666666666,0.3645479,-0.043378368,20.887056,-2.4853973,0,898,87.5087
1149,38.3,0.36231962,-0.044406082,20.759384,-2.544281,0,903,87.5087
1150,38.333333333333336,0.35829878,-0.031670313,20.529007,-1.8145752,0,851,87.5087
1151,38.36666666666667,0.36017656,-0.03555054,20.636597,-2.0368958,0,867,87.5087
1152,38.4,0.33783904,0.008685102,19.35675,0.49761966,0,683,87.36337
1153,38.43333333333333,0.33253616,0.0014106765,19.052917,0.080825806,17,714,87.5087
1154,38.46666666666667,0.3306746,0.00019734024,18.946257,0.011306763,27,719,87.36337
1155,38.5,0.33115637,0.0036583843,18.973862,0.20960997,25,704,87.36337
1156,38.53333333333333,0.35399804,-0.0009851033,20.282593,-0.05644226,0,724,87.36337
1157,38.56666666666667,0.36626804,-0.00619904,20.985611,-0.3551788,0,745,87.36337
1158,38.6,0.37773213,-0.0076446044,21.642456,-0.43800354,0,751,87.36337
1159,38.63333333333333,0.37739924,-0.0042621233,21.623383,-0.24420166,0,737,87.36337
1160,38.666666666666664,0.37275335,-0.016976587,21.357193,-0.97268677,0,789,87.36337
1161,38.7,0.36872372,-0.0151363425,21.126312,-0.8672485,0,782,87.36337
1162,38.733333333333334,0.37205935,-0.010977284,21.317429,-0.628952,0,764,87.36337
1163,38.766666666666666,0.36756417,-0.0022562302,21.059875,-0.12927246,0,729,87.36337
1164,38.8,0.34029606,-0.021664549,19.497526,-1.2412871,0,811,87.36337
1165,38.833333333333336,0.34207374,-0.017018665,19.59938,-0.9750976,0,791,87.36337
1166,38.86666666666667,0.36220378,-0.016522786,20.752747,-0.94668585,0,786,84.68882
1167,38.9,0.35520604,-0.02104989,20.351807,-1.2060698,0,804,84.68882
1168,38.93333333333333,0.36110416,-0.0031467911,20.689743,-0.18029784,0,732,84.68882
1169,38.96666666666667,0.35312,0.0065657576,20.232285,0.3761902,0,693,84.68882
1170,39.0,0.35477436,-0.008795888,20.327072,-0.5039672,0,755,84.73287
1171,39.03333333333333,0.36148313,-0.009888584,20.711456,-0.5665741,0,759,84.73287
1172,39.06666666666667,0.35469288,-4.687164e-05,20.322403,-0.0026855469,0,720,84.68882
1173,39.1,0.3511719,0.0031337417,20.120667,0.17955016,0,707,84.68882
1174,39.13333333333333,0.35018384,0.012828181,20.064054,0.73500055,0,668,84.68882
1175,39.166666666666664,0.33805183,0.015646338,19.368942,0.8964691,38,656,84.557076
1176,39.2,0.33124584,-0.011385547,18.978987,-0.65234375,23,768,87.5087
1177,39.233333333333334,0.33387226,-0.013289175,19.12947,-0.7614136,12,776,87.5087
1178,39.266666666666666,0.332995,-0.0035715653,19.079206,-0.2046356,15,735,87.5087
1179,39.3,0.33132708,-0.0031691617,18.983643,-0.18157957,22,733,87.5087
1180,39.333333333333336,0.33386427,-0.0051612062,19.129013,-0.29571533,12,741,87.5087
1181,39.36666666666667,0.32701063,0.00032996567,18.736328,0.01890564,40,718,87.5087
1182,39.4,0.3338238,-0.002616556,19.126694,-0.1499176,55,730,84.557076
1183,39.43333333333333,0.3151955,0.012271847,18.05937,0.703125,128,668,84.557076
1184,39.46666666666667,0.3295614,0.008196144,18.882477,0.46960446,30,685,87.5087
1185,39.5,0.31245938,0.006875217,17.902603,0.3939209,101,690,87.36337
1186,39.53333333333333,0.3096242,0.0060501695,17.740158,0.34664917,110,693,87.5087
1187,39.56666666666667,0.31065908,-0.021027787,17.799454,-1.2048033,106,810,87.5087
1188,39.6,0.3024419,-0.0054648067,17.328644,-0.31311035,139,743,87.5087
1189,39.63333333333333,0.29738083,-0.018533736,17.038666,-1.0619048,160,800,87.5087
1190,39.666666666666664,0.3243882,-0.084612094,18.586075,-4.8479156,51,1082,87.5087
1191,39.7,0.10026562,-0.10095165,5.7447968,-5.784103,912,1232,87.5087
